SMILES,Label
CC1=CC2=c3c(c4nsnc4c4nsnc34)=C3c4ccccc4SC3(C)C2(C)S1,1
c1ccc(C(=C(c2ccccc2)c2ccc(-c3ccc(-c4ccc(-c5ccc(C(=C(c6ccccc6)c6ccccc6)c6ccccc6)cc5)c5nsnc45)s3)cc2)c2ccccc2)cc1,1
c1ccc(-c2nc3cc(-c4cc5c6c7c(ccc6c4)CCCC7CC5)c(-c4cc5c6c7c(ccc6c4)CCCC7CC5)cc3nc2-c2ccccc2)cc1,1
Fc1ccc(B2Nc3cccc4cccc(c34)N2)cc1F,1
CCCCCCCCCCCC[n+]1ccc(C=Cc2c[nH]c3ccccc23)cc1,1
C=CCCOc1ccc(C(=C(c2ccccc2)c2ccc(OCCC=C)cc2)c2ccccc2)cc1,1
c1ccc(/C(=C(/c2ccccc2)c2ccc(-c3cc4ccccc4c4ccccc34)cc2)c2ccc(-c3cc4ccccc4c4ccccc34)cc2)cc1,1
CCCCn1cc(/C=C/c2cc[n+](CC)cc2)c2ccccc21.F[P-](F)(F)(F)(F)F,1
C/C=C/c1ccc(/C(=C(\c2ccccc2)c2ccc(C)cc2)c2ccccc2)cc1,1
O=[N+]([O-])c1ccccc1COc1ccc(-c2ccc(C(=C(c3ccccc3)c3ccccc3)c3ccccc3)cc2)cc1,1
CCCCNC1=CC(=O)N(Cc2ccccc2)C1=O,1
CSc1ccc(C2=C3C=CC=[N+]3[B-](F)(F)n3cccc32)cc1,1
Cc1ccc(P(c2ccc(C)cc2)c2ccc(C)cc2)cc1,1
c1ccc(-c2nc(-c3ccccc3)c(-c3ccc(-c4ccc(-c5nc(-c6ccccc6)c(-c6ccccc6)nc5-c5ccccc5)cc4)cc3)nc2-c2ccccc2)cc1,1
Cc1ccc(N(c2ccc(C)cc2)c2ccc(-c3c4c(c(-c5ccc(N(c6ccc(C)cc6)c6ccc(C)cc6)cc5)c5nsnc35)SC(=C(C#N)C#N)S4)cc2)cc1,1
C[n+]1ccc(-c2ccc(/C(C#N)=C(\C#N)c3ccc(N4CC[N+](C)(C)CC4)cc3)cc2)cc1,1
COc1c(/C=C(\C#N)c2ccc(-c3cc[n+](C)cc3)cc2)ccc2cc(N(C)C)ccc12,1
c1ccc(/C(=C(/c2ccccc2)c2ccc(-c3nn[nH]n3)cc2)c2ccc(-c3nn[nH]n3)cc2)cc1,1
C1=C(/C(=C(\c2ccccc2)c2ccc(-c3ccc4ccccc4c3)cc2)c2ccccc2)CCC(c2ccc3ccccc3c2)=C1,1
F[P-](F)(F)(F)(F)F.c1ccc(-c2oc(-c3ccccc3)[n+](-c3ccccc3)c2-c2ccccc2)cc1,1
N#C/C(=C\c1ccc(N(c2ccccc2)c2ccccc2)cc1)c1ccc(-c2cc[n+](CCC[P+](c3ccccc3)(c3ccccc3)c3ccccc3)cc2)cc1,1
CN(C)c1ccc(-c2nc(-c3ccc(N(C)C)cc3)c(-c3ccc(N(C)C)cc3)nc2-c2ccc(N(C)C)cc2)cc1,1
C[Si](C)(C)C#CC1=C(c2ccccc2)C(c2ccccc2)=C(C#C[Si](C)(C)C)[Si]1(C)c1ccccc1,1
N#CC(C#N)=Cc1ccc(-c2ccc(C(=C(c3ccccc3)c3ccccc3)c3ccccc3)cc2)cc1,1
COc1ccc(-[n+]2c(-c3ccccc3)oc(-c3ccccc3)c2-c2ccccc2)cc1.FP(F)(F)(F)F.[F-],1
CCN(CC)c1ccc(C(=C(c2ccccc2)c2ccc(C#Cc3ccc(C#N)cc3)cc2)c2ccc(N(CC)CC)cc2)cc1,1
c1ccc(N(c2ccccc2)c2ccc(-c3ccc(C(=C(c4ccc(-c5ccc(N(c6ccccc6)c6ccccc6)cc5)cc4)c4ccc(-c5ccc(N(c6ccccc6)c6ccccc6)cc5)cc4)c4ccc(-c5ccc(N(c6ccccc6)c6ccccc6)cc5)cc4)cc3)cc2)cc1,1
N#C/C(=C\c1ccc(C(=C(c2ccccc2)c2ccccc2)c2ccccc2)cc1)c1ccc(-c2cc3ccc4cccc5ccc(c2)c3c45)cc1,1
N#Cc1ccc(-c2cc(-c3ccccc3)c(-c3ccc(-n4c5ccccc5c5ccccc54)cc3)cc2-c2ccccc2)cc1,1
N#CC(C#N)=Cc1ccc(-c2ccc(-c3nc(-c4ccccc4)c(-c4ccccc4)nc3-c3ccccc3)cc2)cc1,1
N#CC(C#N)=Cc1ccc(-c2ccc(N(c3ccccc3)c3ccccc3)cc2)cc1,1
Cc1ccccc1P(c1ccccc1C)c1ccccc1C,1
Oc1ccc(C#C[Si]2(c3ccccc3)C(c3ccccc3)=C(c3ccccc3)C(c3ccccc3)=C2c2ccccc2)cc1,1
Fc1c(F)c(F)c([Au]C#[N+]c2ccc(Oc3ccc4ccccc4c3-c3c(Oc4ccc([N+]#C[Au]c5c(F)c(F)c(F)c(F)c5F)cc4)ccc4ccccc34)cc2)c(F)c1F,1
CCCC[n+]1ccc(/C=C/c2c[nH]c3ccccc23)cc1.F[P-](F)(F)(F)(F)F,1
N#C/C(=C\c1ccccc1)c1ccc(/C(C#N)=C/c2ccccc2)cc1,1
CCCCCCOc1cc([N+]#C[Au]c2c(F)c(F)c(F)c(F)c2F)c(OCCCCCC)cc1[N+]#C[Au]c1c(F)c(F)c(F)c(F)c1F,1
S=C(SCc1ccc(C(=C(c2ccccc2)c2ccccc2)c2ccccc2)cc1)n1c2ccccc2c2ccccc21,1
N#CC(C#N)=C(c1ccc(N2CCC2)cc1)c1ccc(N2CCC2)cc1,1
c1ccc(-c2nc3cc(-c4cc5ccc6cccc7ccc(c4)c5c67)c(-c4cc5ccc6cccc7ccc(c4)c5c67)cc3nc2-c2ccccc2)cc1,1
Cc1cc(-c2ccc(N(c3ccccc3)c3ccccc3)cc2)c2c3ccc(N(c4ccccc4)c4ccccc4)cc3c(-c3ccc(N(c4ccccc4)c4ccccc4)cc3)c(-c3ccc(N(c4ccccc4)c4ccccc4)cc3)[n+]2c1.FP(F)(F)(F)F.[F-],1
CN(C)c1ccc(C(=C(c2ccccc2)c2ccc(-c3sc(-c4ccc(C(=C(c5ccc(N(C)C)cc5)c5ccc(N(C)C)cc5)c5ccccc5)cc4)c([N+](=O)[O-])c3[N+](=O)[O-])cc2)c2ccc(N(C)C)cc2)cc1,1
BrCCCCCCC1(CCCCCCBr)c2ccccc2-c2cc(/C(=C(\c3ccccc3)c3ccc4c(c3)-c3ccccc3C4(CCCCCCBr)CCCCCCBr)c3ccccc3)ccc21,1
C=CCCOc1ccc(C(=C(c2ccccc2)c2ccccc2)c2ccccc2)cc1,1
Cc1cc(C(=C(c2ccccc2)c2ccccc2)c2ccccc2)cc(-c2cc(-c3ccc(C(=C(c4ccccc4)c4ccccc4)c4ccccc4)cc3C)c3ccc4c(-c5ccc(C(=C(c6ccccc6)c6ccccc6)c6ccccc6)cc5C)cc(-c5ccc(C(=C(c6ccccc6)c6ccccc6)c6ccccc6)cc5C)c5ccc2c3c54)c1,1
COc1ccc(C#Cc2c(-c3ccccc3)c(-c3ccccc3)c(-c3ccccc3)c(-c3ccccc3)c2-c2ccc(OC)cc2)cc1,1
N#CC(C#N)=C1C=C(C=Cc2ccc(N(c3ccc(-c4ccc(C(=C(c5ccccc5)c5ccccc5)c5ccccc5)cc4)cc3)c3ccc(-c4ccc(C(=C(c5ccccc5)c5ccccc5)c5ccccc5)cc4)cc3)cc2)OC(/C=C/c2ccc(N(c3ccc(-c4ccc(C(=C(c5ccccc5)c5ccccc5)c5ccccc5)cc4)cc3)c3ccc(-c4ccc(C(=C(c5ccccc5)c5ccccc5)c5ccccc5)cc4)cc3)cc2)=C1,1
N#CC(=C(c1ccccc1)c1ccccc1)c1ccccc1,1
COC(=O)c1ccc(-n2c3ccc(N(C)C)cc3c3cc(N(C)C)ccc32)cc1,1
O=C(O)c1ccc(/C(=C/C=C(\c2ccccc2)c2ccc(C(=O)O)cc2)c2ccccc2)cc1,1
COc1ccc(C(=C(c2ccccc2)c2ccc(C(C)=O)cc2)c2ccc(OC)cc2)cc1,1
N#C/C(=C\c1ccc(N(c2ccccc2)c2ccccc2)cc1)c1ccc(-c2cc[n+](CCCN=C=S)cc2)cc1.[Br-],1
CCCCC(CC)Cc1cc(-c2ccc(N(c3ccccc3)c3ccccc3)cc2)sc1-c1c2c(c(-c3sc(-c4ccc(N(c5ccccc5)c5ccccc5)cc4)cc3CC(CC)CCCC)c3nsnc13)N=S=N2,1
O=C(Oc1ccc(C2=C3C=CC(=C(c4ccc(OC(=O)c5ccc(C(=C(c6ccccc6)c6ccccc6)c6ccccc6)cc5)cc4)c4ccc([nH]4)C(c4ccc(OC(=O)c5ccc(C(=C(c6ccccc6)c6ccccc6)c6ccccc6)cc5)cc4)=C4C=CC(=C(c5ccc(OC(=O)c6ccc(C(=C(c7ccccc7)c7ccccc7)c7ccccc7)cc6)cc5)c5ccc2[nH]5)[N]4)[N]3)cc1)c1ccc(C(=C(c2ccccc2)c2ccccc2)c2ccccc2)cc1,1
COc1ccc(C(=C(c2ccccc2)c2ccc(C(=C(c3cc[n+](C)cc3)c3cc[n+](C)cc3)c3ccccc3)cc2)c2ccc(OC)cc2)cc1,1
CCn1cc(/C=C/c2cc[n+](CC)cc2)c2ccccc21.F[P-](F)(F)(F)(F)F,1
CCC[n+]1cc2ccc(N(c3ccccc3)c3ccccc3)cc2c(-c2ccccc2)c1-c1ccccc1.F[B-](F)(F)F,1
CC(=O)Oc1ccc(C[n+]2ccc(C=Cc3ccc(N(c4ccccc4)c4ccccc4)cc3)c3ccccc32)cc1,1
O=C1c2cccnc2-c2cccc3c(N(c4ccccc4)c4ccccc4)ccc1c23,1
C(#Cc1ccc(-c2ccc(-c3c(-c4ccccc4)c(-c4ccccc4)c(-c4ccccc4)c(-c4ccccc4)c3-c3ccc(C(=C(c4ccccc4)c4ccccc4)c4ccccc4)cc3)cc2)cc1)c1ccc(C(=C(c2ccccc2)c2ccccc2)c2ccccc2)cc1,1
F[P-](F)(F)(F)(F)F.S=C=NCCCC[n+]1ccc(/C=C/c2ccc(C(=C(c3ccccc3)c3ccccc3)c3ccccc3)cc2)cc1,1
C(=C(\c1ccccc1)c1ccc(-n2c3ccccc3c3ccccc32)cc1)\c1ccccc1,1
Cc1cc(C)c(-c2ccc(-c3cc(C)c(C)cc3C)cc2)cc1C,1
COc1ccc(N(c2ccc(OC)cc2)c2ccc(-c3ccc(-c4ccc5c(=O)[nH][nH]c(=O)c5c4)c4nsnc34)cc2)cc1,1
CCn1c2ccccc2c2ccc(C(=C(c3ccccc3)c3ccccc3)c3ccccc3)cc21,1
COc1ccc(N(c2ccc(OC)cc2)c2ccc(-c3cnc4c(c3)C(=O)c3cccnc3-4)cc2)cc1,1
COc1ccc(N(c2ccc(OC)cc2)c2ccc(-c3ccc(-c4ccc(-c5ccc(C=O)s5)s4)s3)cc2)cc1,1
F[B-]1(F)n2cccc2C(c2ccc(Cl)cc2)=C2C=CC=[N+]21,1
c1ccc(-c2cc(-c3ccccc3)c(-c3ccccc3)cc2-c2ccccc2)cc1,1
CN(C)c1ccc(C=C(c2nc3ccccc3s2)c2nc3ccccc3s2)cc1,1
N#CC(=C(c1ccccc1)c1ccccc1)c1ccc(-c2ccc(N(c3ccc(-c4ccc(C(C#N)=C(c5ccccc5)c5ccccc5)cc4)cc3)c3ccc(-c4ccc(N(c5ccc(-c6ccc(C(C#N)=C(c7ccccc7)c7ccccc7)cc6)cc5)c5ccc(-c6ccc(C(C#N)=C(c7ccccc7)c7ccccc7)cc6)cc5)cc4)cc3)cc2)cc1,1
c1ccc(-c2nc(-c3ccccc3)c(-c3ccccc3)nc2-c2ccccc2)cc1,1
N#C/C(=C\c1ccc(N(c2ccccc2)c2ccccc2)cc1)c1ccc(-c2cc[n+](Cc3ccccc3)cc2)cc1.[Br],1
O=C(c1ccccc1)c1ccc2nc3c4ccc(N5c6ccccc6C6(c7ccccc7-c7ccccc76)c6ccccc65)cc4c4cc(N5c6ccccc6C6(c7ccccc7-c7ccccc76)c6ccccc65)ccc4c3nc2c1,1
c1ccc(C2=C(c3ccccc3)[Si](c3ccccc3)(c3ccccc3)C(c3ccccc3)=C2c2ccccc2)cc1,1
COc1ccc(C(=C(c2ccccc2)c2ccc(/C=C/C3=C(C#N)C(=C(C#N)C#N)OC3(C)C)cc2)c2ccc(OC)cc2)cc1,1
CCC1=[N+]2C(=C(c3ccc4cc(OC)ccc4c3)c3ccc(CC)n3[B-]2(F)F)C=C1,1
O=C(C#Cc1ccc(/C(=C(\c2ccccc2)c2ccc(C#CC(=O)c3ccccc3)cc2)c2ccccc2)cc1)c1ccccc1,1
F[B-]1(F)n2cccc2C(=Nc2ccccc2)C2C=CC=[N+]21,1
c1cc2c(s1)-c1sccc1-c1ccsc1-c1sccc1-2,1
c1ccc(C(=C(c2ccccc2)c2ccccc2-c2ccc(-c3ccc4c(c3)c3ccccc3n4-c3ccccc3)cc2)c2ccccc2-c2ccc(-c3ccc4c(c3)c3ccccc3n4-c3ccccc3)cc2)cc1,1
COc1cccc2c(O)c3c(O)c4c(c(O)c3c(O)c12)=C(CC1CC(NC(=O)OCc2cc(C)cc(COC(=O)c3ccc(C(=C(c5ccccc5)c5ccccc5)c5ccccc5)cc3)c2OCc2ccc(B3OC(C)(C)C(C)(C)O3)cc2)C(O)C(C)O1)CC(O)(C(=O)CO)C=4,1
COc1ccc(C(=C(c2ccccc2)c2ccc(/C=C/C(=C(C#N)C#N)c3ccccc3)cc2)c2ccc(OC)cc2)cc1,1
c1coc(C(=C(c2ccco2)c2ccco2)c2ccco2)c1,1
FB(F)F.[F-].c1ccc(-c2c(-c3ccccc3)[n+](-c3ccccc3)cc3ccc(N(c4ccccc4)c4ccccc4)cc23)cc1,1
Brc1ccc(I)c(-c2c3ccccc3c(-c3ccccc3)c3cc(Br)ccc23)c1,1
CCn1c2ccc(N(c3ccccc3)c3ccc(C(=C(c4ccccc4)c4ccccc4)c4ccccc4)cc3)cc2c2ccc(/C=C/c3cc[n+](C)c4ccccc34)cc21.O=[S+](=O)(=O)C(F)(F)F,1
CCCCCCCCCCCCc1cc(-c2ccc(N(c3ccccc3)c3ccccc3)cc2)sc1-c1c2c(c(-c3sc(-c4ccc(N(c5ccccc5)c5ccccc5)cc4)cc3CCCCCCCCCCCC)c3nsnc13)N=S=N2,1
CCO/C(=C(/OCC)c1cc2sccc2s1)c1cc2sccc2s1,1
C[n+]1ccc(-c2ccc(-c3ccc(N(c4ccccc4)c4ccc(-c5ccc(/N=N/c6ccc(-c7ccc(N(c8ccccc8)c8ccc(-c9ccc(-c%10cc[n+](C)cc%10)s9)cc8)cc7)cc6)cc5)cc4)cc3)s2)cc1.[I-].[I-],1
N#CC(C#N)=C1c2cc(-c3ccc(N(c4ccccc4)c4ccccc4)cc3)ccc2S(=O)(=O)c2ccc(-c3ccc(N(c4ccccc4)c4ccccc4)cc3)cc21,1
C(#Cc1ccc(/C(=C(/c2ccccc2)c2ccc(C#Cc3ccncc3)cc2)c2ccccc2)cc1)c1ccncc1,1
O=C1c2cccnc2-c2cccc3c(N(c4ccc(C(=C(c5ccccc5)c5ccccc5)c5ccccc5)cc4)c4ccc(C(=C(c5ccccc5)c5ccccc5)c5ccccc5)cc4)ccc1c23,1
c1ccc(-c2cc(-c3ccccc3)c(-c3ccccc3)nc2-c2ccccc2)cc1,1
CCN1C(/C=C/c2sc(-c3ccc(N(c4ccccc4)c4ccccc4)cc3)c3c2OCCO3)=CC(=C(C#N)C#N)c2ccccc21,1
c1ccc(/C(=C(/c2ccccc2)c2ccccc2-c2ccc(-c3ccc(-c4nc5ccccc5n4-c4ccccc4)cc3)cc2)c2ccccc2-c2ccc(-c3ccc(-c4nc5ccccc5n4-c4ccccc4)cc3)cc2)cc1,1
c1ccc(C(=C(c2ccccc2)c2ccccc2-c2ccccc2)c2ccccc2-c2ccccc2)cc1,1
c1ccc(-c2ccc(C(=C(c3ccc(-c4ccccc4)cc3)c3ccccc3-c3ccccc3)c3ccccc3-c3ccccc3)cc2)cc1,1
CCCCCOc1ccc(C(=C(c2ccc(-c3cc[n+](C)cc3)cc2)c2ccc(-c3cc[n+](C)cc3)cc2)c2ccc(OCCCCC)cc2)cc1.F[P-](F)(F)(F)(F)F.F[P-](F)(F)(F)(F)F,1
Cc1cc(C)c(CCc2cc(C)c(C)cc2C)cc1C,1
CCCCCCCCCCCc1c(-c2c3c(c(-c4sc5c(sc6cc(-c7ccc(N(c8ccccc8)c8ccccc8)cc7)sc65)c4CCCCCCCCCCC)c4nsnc24)N=S=N3)sc2c1sc1cc(-c3ccc(N(c4ccccc4)c4ccccc4)cc3)sc12,1
CN(C)c1ccc(C(=C(c2ccccc2)c2ccc(C=O)cc2)c2ccc(N(C)C)cc2)cc1,1
Cc1ccc(-c2ccc(-c3ccc(-c4ccc(-c5ccc(C)cc5)cc4)c(/C(=C(\c4ccccc4)c4cc(-c5ccc(-c6ccc(C)cc6)cc5)ccc4-c4ccc(-c5ccc(C)cc5)cc4)c4ccccc4)c3)cc2)cc1,1
c1ccc(C(=C(c2ccccc2)c2ccccc2-c2ccc(-c3ccccc3)cc2)c2ccccc2-c2ccc(-c3ccccc3)cc2)cc1,1
CCCCCCCCOc1cc([N+]#C[Au]c2c(F)c(F)c(F)c(F)c2F)c(OCCCCCCCC)cc1[N+]#C[Au]c1c(F)c(F)c(F)c(F)c1F,1
CCC1=[N+]2C(=C(c3cc4ccccc4n3S(=O)(=O)c3ccccc3)c3ccc(CC)n3[B-]2(F)F)C=C1,1
C[N+](C)(C)CCCCCCC1(CCCCCC[N+](C)(C)C)c2ccccc2-c2cc(/C(=C(\c3ccccc3)c3ccc4c(c3)-c3ccccc3C4(CCCCCC[N+](C)(C)C)CCCCC[N+](C)(C)C)c3ccccc3)ccc21.[Br-].[Br-].[Br-].[Br-],1
CCOc1ccc(C(=C(c2ccccc2)c2ccc(-c3cc4ccc5cccc6ccc(c3)c4c56)cc2)c2ccc(OCC)cc2)cc1,1
CCCCCOc1cc([N+]#C[Au]c2c(F)c(F)c(F)c(F)c2F)c(OCCCCC)cc1[N+]#C[Au]c1c(F)c(F)c(F)c(F)c1F,1
c1ccc(C(=C(c2ccccc2)c2ccc(N(c3ccc(-c4ccc(-c5ccc(N(c6ccc(C(=C(c7ccccc7)c7ccccc7)c7ccccc7)cc6)c6ccc(N(c7ccccc7)c7ccccc7)cc6)cc5)c5nsnc45)cc3)c3ccc(N(c4ccccc4)c4ccccc4)cc3)cc2)c2ccccc2)cc1,1
O=C([O-])c1cc(OCCCCOc2ccc(C(=C(c3ccc(OCCCCOc4cc(C(=O)[O-])nc(C(=O)[O-])c4)cc3)c3ccc(OCCCCOc4cc(C(=O)[O-])nc(C(=O)[O-])c4)cc3)c3ccc(OCCCCOc4cc(C(=O)[O-])nc(C(=O)[O-])c4)cc3)cc2)cc(C(=O)[O-])n1.[K+].[K+].[K+].[K+].[K+].[K+].[K+].[K+],1
Cc1ccc(/C(=C(\c2ccccc2)c2ccc(C)cc2)c2ccccc2)cc1,1
C[N+](C)(C)CCC[n+]1ccc(/C=C/c2ccc(-c3ccc(N(c4ccccc4)c4ccccc4)cc3)s2)cc1.[Br-].[Br-],1
C(=C/c1ccc2ccc3cccc4ccc1c2c34)\c1c2ccccc2cc2ccccc12,1
N#C/C(=C\c1cc(N(c2ccccc2)c2ccccc2)c(/C=C(\C#N)c2ccc(F)cc2)cc1N(c1ccccc1)c1ccccc1)c1ccc(F)cc1,1
O=c1c(-c2ccc(N(c3ccccc3)c3ccccc3)cc2)c(-c2ccc(N(c3ccccc3)c3ccccc3)cc2)sc2ccccc12,1
O=S1(=O)C(c2ccc(-c3nc(-c4ccccc4)c(-c4ccccc4)nc3-c3ccccc3)cc2)=CC=C1c1ccc(-c2nc(-c3ccccc3)c(-c3ccccc3)nc2-c2ccccc2)cc1,1
C(=C(c1ccccc1)c1ccccc1)c1ccc(-c2cccc3[se]c4ccccc4c23)cc1,1
Cc1nc2nc(n1)oc1ccc(cc1)c1nc3c4ccc(cc4)oc4nc(C)nc(n4)oc4ccc(cc4)c4nc(c5ccc(cc5)o2)c2nc4c4ccc(cc4)oc4nc(C)nc(n4)oc4ccc(cc4)c3nc1c1ccc(cc1)oc1nc(C)nc(n1)oc1ccc2cc1,1
c1ccc(C(=C(c2ccccc2)c2ccc(-c3ccc4c(c3)[Si](c3ccccc3)(c3ccccc3)c3cc(-c5ccc(C(=C(c6ccccc6)c6ccccc6)c6ccccc6)cc5)ccc3-4)cc2)c2ccccc2)cc1,1
FP(F)(F)(F)F.[F-].c1ccc(-c2c[n+](-c3ccccc3)c(-c3ccccc3)o2)cc1,1
O=C1c2cc(-c3ccc(N(c4ccccc4)c4ccccc4)cc3)ccc2S(=O)(=O)c2ccc(-c3ccc(N(c4ccccc4)c4ccccc4)cc3)cc21,1
F[B-]1(F)n2cccc2C(c2cc3ccccc3s2)=C2C=CC=[N+]21,1
O=C1C=C(Nc2ccccc2)C(=O)N1c1ccccc1,1
CCCCC1(c2ccccc2)Nc2cc(C)c(C)cc2N=C1c1ccccc1,1
C=Cc1ccc(C2=C3C=CC=[N+]3[B-](F)(F)n3cccc32)cc1,1
CCCCC(CC)CN1C(=O)c2ccc3c4ccc5c6c(cc(-c7ccc(C=C(c8ccccc8)c8ccccc8)cc7)c(c7ccc(c2c37)C1=O)c64)C(=O)N(CC(CC)CCCC)C5=O,1
C[N+](C)(C)CCCCCCC1(CCCCCC[N+](C)(C)C)c2ccccc2-c2cc(/C(=C(\c3ccccc3)c3ccc4c(c3)-c3ccccc3C4(CCCCCC[N+](C)(C)C)CCCCCC[N+](C)(C)C)c3ccccc3)ccc21.[Br-].[Br-].[Br-].[Br-],1
c1ccc(C(=C(c2ccccc2)c2ccccc2)c2ccccc2)cc1,1
CCCCN1c2ccccc2Sc2cc(/C=C(\C#N)c3nc4ccccc4s3)ccc21,1
C[N+](C)(C)CCC[n+]1ccc(/C=C/c2ccc(-c3ccc(N(c4ccccc4)c4ccccc4)cc3)o2)cc1.[Br-].[Br-],1
CC[n+]1c(/C=C/c2ccc(C(c3ccccc3)C(c3ccccc3)c3ccccc3)cc2)sc2ccccc21,1
c1ccc(C(=C(c2ccccc2)c2ccccc2-c2nc(-c3ccccc3)c(-c3ccccc3)nc2-c2ccccc2)c2ccccc2)cc1,1
CC[n+]1ccc(-c2ccc(C(=C(c3ccccc3)c3ccccc3)c3ccccc3)cc2)cc1.[Br],1
COc1ccc(-c2oc(-c3ccc(OC)cc3)[n+](-c3ccc(OC)cc3)c2-c2ccc(OC)cc2)cc1,1
c1csc(C(=C(c2cccs2)c2cccs2)c2cccs2)c1,1
Cc1cc(C)c(/C=C/c2cc(C)c(C)cc2C)cc1C,1
C(=C(c1nc2ccccc2s1)c1nc2ccccc2s1)c1cccs1,1
CCCCCCCCCCCCC(CCCCCCCCCC)Cc1cc(-c2c3c(c(-c4cc(CC(CCCCCCCCCC)CCCCCCCCCCCC)c(-c5ccc(N(c6ccccc6)c6ccccc6)cc5)s4)c4c2N=S=N4)N=S=N3)sc1-c1ccc(N(c2ccccc2)c2ccccc2)cc1,1
COC(=O)[C@]1(C)CCC[C@]2(C)c3cc(Br)c(N=Cc4cc([N+](=O)[O-])ccc4O)cc3CCC12,1
c1ccc(-c2nc3c(-c4ccc(N(c5ccccc5)c5cccc6ccccc56)cc4)c4nsnc4c(-c4ccc(N(c5ccccc5)c5cccc6ccccc56)cc4)c3nc2-c2ccccc2)cc1,1
N/N=C/c1cc(Cl)ccc1O,1
c1cc(-c2nnn[nH]2)ccc1C(=C(c1ccc(-c2nnn[nH]2)cc1)c1ccc(-c2nnn[nH]2)cc1)c1ccc(-c2nnn[nH]2)cc1,1
COc1ccc(C(=C(c2ccccc2)c2ccc(C(C)=C(C#N)C#N)cc2)c2ccc(OC)cc2)cc1,1
F[B-]1(F)n2cccc2C(N2CCCC2)=C2C=CC=[N+]21,1
c1ccc(C(=C(c2ccccc2)c2ccc(-c3sc(-c4ccc(C(=C(c5ccccc5)c5ccccc5)c5ccccc5)cc4)c4nc(-c5ccccc5)c(-c5ccccc5)nc34)cc2)c2ccccc2)cc1,1
c1ccc(/C(=C(/c2ccccc2)c2ccc(-c3ccc(-c4ccccc4)cc3)cc2)c2ccc(-c3ccc(-c4ccccc4)cc3)cc2)cc1,1
c1ccc(-c2nc(-c3ccccc3)c(-c3ccc(-c4cccs4)cc3)nc2-c2ccccc2)cc1,1
c1ccc(N(c2ccccc2)c2ccc(-c3cccs3)cc2)cc1,1
c1ccc(C(c2ccccc2)=c2c3ccccc3c(=C(c3ccccc3)c3ccccc3)c3cc4ccccc4cc23)cc1,1
c1ccc(-c2cc(-c3ccc(N(c4ccccc4)c4ccccc4)cc3)sc2-c2c3c(c(-c4sc(-c5ccc(N(c6ccccc6)c6ccccc6)cc5)cc4-c4ccccc4)c4nsnc24)N=S=N3)cc1,1
c1ccc(-c2c[n+](-c3ccccc3)c(-c3ccccc3)o2)cc1,1
CCCCN1C(=O)C2=C(/C=C/c3ccc(C(=C(c4ccc(N(C)C)cc4)c4ccc(N(C)C)cc4)c4ccccc4)cc3)N(CCCC)C(=O)C2=C1/C=C/c1ccc(C(=C(c2ccc(N(C)C)cc2)c2ccc(N(C)C)cc2)c2ccccc2)cc1,1
COc1ccc(C(=C(c2ccccc2)c2ccc(-c3ccc(C(=C(C#N)C#N)c4cccs4)cc3)cc2)c2ccc(OC)cc2)cc1,1
COc1ccc(C(=C(c2ccccc2)c2ccc(-c3sc(-c4ccc(C(=C(c5ccc(OC)cc5)c5ccc(OC)cc5)c5ccccc5)cc4)c4c3N=S=N4)cc2)c2ccc(OC)cc2)cc1,1
COc1ccc(C(=C(c2ccccc2)c2ccc(-c3sc(-c4ccc(C(=C(c5ccc(OC)cc5)c5ccc(OC)cc5)c5ccccc5)cc4)c4nccnc34)cc2)c2ccc(OC)cc2)cc1,1
O=C(O[K])c1cc(OCCCCOc2ccc(C(=C(c3ccc(OCCCCOc4cc(C(=O)O[K])nc(C(=O)O[K])c4)cc3)c3ccc(OCCCCOc4cc(C(=O)O[K])nc(C(=O)O[K])c4)cc3)c3ccc(OCCCCOc4cc(C(=O)O[K])nc(C(=O)O[K])c4)cc3)cc2)cc(C(=O)O[K])n1,1
COc1ccc(C(=Cc2ccc(-c3ccc4c5c(cccc35)C(=O)N(CCCCn3c[n+](Cc5ccc(F)cc5F)cn3)C4=O)cc2)c2ccc(OC)cc2)cc1,1
Cc1cc(C)cc(/C=C/c2c3ccccc3c(/C=C/c3cc(C)cc(C)c3)c3ccccc23)c1,1
COc1cc2ccc(=O)oc2c2c1OC(C)(C)C=C2,1
CCC1=[N+]2C(=C(c3cccc(N)c3)c3ccc(CC)n3[B-]2(F)F)C=C1,1
c1ccc(/C(=C(\c2ccccc2)c2cc(-c3ccccc3)ccc2-c2ccccc2)c2cc(-c3ccccc3)ccc2-c2ccccc2)cc1,1
O=C([O-])c1ccc(/C(=C/C=C(/c2ccc(C(=O)[O-])cc2)c2ccco2)c2ccco2)cc1.[Na+].[Na+],1
CCCCCCCCOc1ccc(N(c2ccc(OCCCCCCCC)cc2)c2ccc(-c3ccc(-c4c(N)c(N)c(-c5ccc(-c6ccc(N(c7ccc(OCCCCCCCC)cc7)c7ccc(OCCCCCCCC)cc7)cc6)s5)c5nsnc45)s3)cc2)cc1,1
CC[n+]1ccc(-c2ccc(-c3ccc(N(c4ccccc4)c4ccccc4)cc3)c3nsnc23)cc1.[Br-],1
CC(=C(C#N)C#N)c1ccc(/C(=C(\c2ccccc2)c2ccc(-c3cc(C4=C(c5cc(-c6ccc(/C(=C(\c7ccccc7)c7ccc(C(C)=C(C#N)C#N)cc7)c7ccccc7)cc6)sc5C)C(F)(F)C(F)(F)C4(F)F)c(C)s3)cc2)c2ccccc2)cc1,1
C(=C/c1c2ccccc2c(/C=C/c2ccccc2)c2ccccc12)\c1ccccc1,1
CCOC(=O)CCCCC[n+]1ccc(/C=C/c2ccc(-c3ccc(N(c4ccccc4)c4ccccc4)cc3)s2)cc1.[Br-],1
c1ccc(-c2ccnc3c2ccc2c(-c4ccccc4)ccnc23)cc1,1
CCn1c2ccccc2c2cc(C(=C(c3ccccc3)c3ccccc3)c3ccccc3)ccc21,1
c1ccc(N(c2ccccc2)c2ccc(-c3ccc(-c4nc5nsnc5nc4-c4ccc(-c5ccc(N(c6ccccc6)c6ccccc6)cc5)cc4)cc3)cc2)cc1,1
c1ccc(-c2cccc3cccc(-c4ccccc4)c23)cc1,1
c1ccc(N(c2ccccc2)c2c3ccccc3cc3ccccc23)cc1,1
CCn1c2cc(C=C3C(=O)c4ccccc4C3=O)ccc2c2ccc(N(c3ccccc3)c3ccccc3)cc21,1
CCCCCC[n+]1ccc(/C=C/c2c[nH]c3ccccc23)cc1.F[P-](F)(F)(F)(F)F,1
CCCCCCc1cc(-c2c3nsnc3c(-c3c4nsnc4c(-c4cc(CCCCCC)c(-c5ccc(N(c6ccccc6)c6ccccc6)cc5)s4)c4nc(-c5ccccc5)c(-c5ccccc5)nc34)c3nc(-c4ccccc4)c(-c4ccccc4)nc23)sc1-c1ccc(N(c2ccccc2)c2ccccc2)cc1,1
CC(C)(C)/N=C(\C#Cc1ccc(C(=C(c2ccccc2)c2ccccc2)c2ccccc2)cc1)c1ccc(-c2ccccc2)cc1,1
COc1ccc(C(=C2c3ccccc3-c3cc(-c4ccncc4)ccc32)c2ccc(OC)cc2)cc1,1
F[B-]1(F)n2cccc2C(c2ccc(-c3cccc4c3OC3CCCC43)cc2)=C2C=CC=[N+]21,1
CCCCC1(c2ccc(-c3ccccc3)cc2)Nc2ccccc2N=C1c1ccc(-c2ccccc2)cc1,1
c1ccc(C(=C(c2ccccc2)c2ccc(-c3cc4ccccc4c4ccccc34)cc2)c2ccccc2)cc1,1
Oc1ccccc1C=NN=Cc1ccc(C=NN=Cc2ccccc2O)cc1,1
CCCN1c2ccccc2Sc2cc(C=C3C(=O)c4ccccc4C3=O)ccc21,1
C(=C(c1ccccc1)c1ccccc1)c1ccc(-c2cccc3sc4ccccc4c23)cc1,1
C[n+]1ccc(/C=C/c2ccc(-c3c4ccccc4c(-c4ccc(N(c5ccccc5)c5ccccc5)cc4)c4nsnc34)cc2)cc1.[I-],1
CC(=O)COc1ccc(-c2nc3ccccc3s2)c(O)c1,1
c1ccc(B2Nc3cccc4cccc(c34)N2)cc1,1
Cc1cc(=O)oc2c(/C=N/c3ccccc3-c3ccc(N(c4ccccc4)c4ccccc4)cc3)c(O)ccc12,1
[N-]=[N+]=NCCCOc1ccc(/C(=C(\c2ccccc2)c2ccc(C(=O)c3ccccc3)cc2)c2ccc(OCCCS(=O)(=O)[O-])cc2)cc1,1
COc1ccc2ccc(/C=C(\C#N)c3ccc(-c4cc[n+](C)cc4)cc3)cc2c1,1
C[n+]1ccc(/C=C/c2ccc(-c3ccc(N(c4ccccc4)c4ccc(C(=C(c5ccccc5)c5ccccc5)c5ccccc5)cc4)cc3)o2)cc1,1
CN(C)c1ccc([N+]2=Cc3ccc(N(c4ccccc4)c4ccccc4)cc3O[B-]2(F)F)cc1,1
O=c1c(O)c(-c2ccc(-c3ccc(N(c4ccccc4)c4ccccc4)cc3)cc2)oc2ccccc12,1
BrCCCCCCC1(CCCCCCBr)c2ccccc2-c2cc(/C(=C(/c3ccccc3)c3ccc4c(c3)-c3ccccc3C4(CCCCCCBr)CCCCCCBr)c3ccccc3)ccc21,1
C[n+]1ccc(/C=C/c2ccc(N(c3ccccc3)c3ccccc3)cc2)cc1,1
CC[n+]1ccc(/C=C/c2c[nH]c3ccccc23)cc1.F[P-](F)(F)(F)(F)F,1
CN(C)c1ccc(C=NC(C#N)C(=N)C#N)cc1,1
C[Si](C)(C)c1ccc(C2=C3C=CC=[N+]3[B-](F)(F)n3cccc32)cc1,1
C[Si]1(C)C(c2ccc(-c3nc4c5ccccc5c5ccccc5c4n3-c3ccccc3)cc2)=C(c2ccccc2)C(c2ccccc2)=C1c1ccc(-c2nc3c4ccccc4c4ccccc4c3n2-c2ccccc2)cc1,1
c1ccc(C(=C(c2ccccc2)c2ccccc2-c2ccc3ccc4cccc5ccc2c3c45)c2ccccc2)cc1,1
C[Si]1(C)C(c2ccc3sccc3c2)=C(c2ccccc2)C(c2ccccc2)=C1c1ccc2sccc2c1,1
c1ccc(-c2cc(-c3ccccc3)c3ccccc3n2)cc1,1
CCCCCCc1cc(-c2ncc(-c3cnc(-c4cc(CCCCCC)c(-c5ccc(N(c6ccccc6)c6ccccc6)cc5)s4)c4nsnc34)c3nsnc23)sc1-c1ccc(N(c2ccccc2)c2ccccc2)cc1,1
C[B-]1(C)c2cc(C(=C(c3ccccc3)c3ccccc3)c3ccccc3)ccc2-c2ccc3ccccc3[n+]21,1
N#Cc1ccc(-c2cc(-c3ccccc3)c(-c3ccc(-c4ccc(N(c5ccccc5)c5ccccc5)cc4)cc3)cc2-c2ccccc2)cc1,1
c1ccc(/C(=C(\c2ccccc2)c2ccccc2-c2ccc(-n3c4ccccc4c4ccccc43)cc2)c2ccccc2-c2ccc(-n3c4ccccc4c4ccccc43)cc2)cc1,1
CCCCCCCCCCCCC(CCCCCCCCCC)Cc1cc(-c2c3c(c(-c4cc(CC(CCCCCCCCCC)CCCCCCCCCCCC)c(-c5ccc(N(c6ccccc6)c6ccccc6)cc5)s4)c4nsnc24)N=S=N3)sc1-c1ccc(N(c2ccccc2)c2ccccc2)cc1,1
CCN1C(/C=C/c2sc(-c3ccc(N(c4ccc(OC)cc4)c4ccc(OC)cc4)cc3)c3c2OCCO3)=CC(=C(C#N)C#N)c2ccccc21,1
CCCCOc1ccc(C(=O)NN=Cc2cc(C(=O)c3ccc(O)c(C=NNC(=O)c4ccc(OCCCC)cc4)c3)ccc2O)cc1,1
FC(F)(F)c1cc(/C=C/c2c3ccccc3c(/C=C/c3cc(C(F)(F)F)cc(C(F)(F)F)c3)c3ccccc23)cc(C(F)(F)F)c1,1
c1ccc(C(=C(c2ccccc2)c2nn[nH]n2)c2nn[nH]n2)cc1,1
C[n+]1ccc(/C=C/c2ccc(-c3ccc(N(c4ccccc4)c4ccccc4)cc3)o2)cc1.F[P-](F)(F)(F)(F)F,1
COc1c(/C=C(\C#N)c2cc(C(F)(F)F)cc(C(F)(F)F)c2)ccc2cc(N(C)C)ccc12,1
C/C=C(C)/C(=C(/c1ccccc1)c1ccc(C#CC(=O)/C=C/C=C(\C)C#N)cc1)c1ccc(C#CC(=O)c2ccc(C#N)cc2)cc1,1
CN(C)c1ccc(/C=C(\C#N)c2ccc(-c3cc[n+](C)cc3)cc2)cc1,1
O=C(C#Cc1ccc(/C(=C(\c2ccccc2)c2ccc(C#CC(=O)c3cc([N+](=O)[O-])cc([N+](=O)[O-])c3)cc2)c2ccccc2)cc1)c1cc([N+](=O)[O-])cc([N+](=O)[O-])c1,1
COc1ccc2cc(C=C(c3nc4ccccc4s3)c3nc4ccccc4s3)ccc2c1,1
CCN(CC)c1ccc2c(c1)Oc1cc(N(CC)CC)ccc1C21c2cc(-c3ccc(C(=C(c4ccccc4)c4ccccc4)c4ccccc4)cc3)ccc2C(=O)N1NC(=S)Nc1ccccc1,1
Oc1ccccc1C=NN=CC=NN=Cc1ccccc1O,1
N#Cc1ccc(C(=O)C#Cc2ccc(/C(=C(\c3ccccc3)c3ccc(C#CC(=O)c4ccc(C#N)cc4)cc3)c3ccccc3)cc2)cc1,1
C(=C(\c1ccccc1)c1ccc(-n2c3ccccc3c3cc(-c4ccccc4)ccc32)cc1)\c1ccccc1,1
COc1ccc2ccc(/C=C(\C#N)c3ccc(-c4cc[n+](C)cc4)cc3)cc2c1.FP(F)(F)(F)F.[F-],1
C[Si]1(C)C(c2ccc(C3N=c4c(c5ccccc5c5ccccc45)=[N+]3c3ccccc3)cc2)=C(c2ccccc2)C(c2ccccc2)=C1c1ccc(C2N=c3c(c4ccccc4c4ccccc34)=[N+]2c2ccccc2)cc1,1
Cc1cc(C)c(B(c2ccc(-c3cc(-n4c5ccccc5c5ccccc54)cc(-n4c5ccccc5c5ccccc54)c3)cc2)c2c(C)cc(C)cc2C)c(C)c1,1
c1ccc(/C(=C(/c2ccccc2)c2ccc(-c3ccc(N(c4ccccc4)c4ccccc4)cc3)cc2)c2ccc(-c3ccc(N(c4ccccc4)c4ccccc4)cc3)cc2)cc1,1
CCCCCCCCOc1cc(/C=C(\C#N)c2ccc(-c3cc[n+](C)cc3)cc2)ccc1N(CC)CC,1
F[B-]1(F)n2cccc2C(c2ccc(-c3ccccc3)cc2)=C2C=CC=[N+]21,1
c1ccc(C(=C(c2ccccc2)c2ccc(N3c4ccccc4Oc4ccccc43)cc2)c2ccccc2)cc1,1
COc1ccc(C(=C(c2ccccc2)c2ccc(-c3ccc(C(C)=C(C#N)C#N)cc3)cc2)c2ccc(OC)cc2)cc1,1
CCCCCCCC/C=C\CCCCCCCC[n+]1cc2ccc(-c3ccc(N(c4ccccc4)c4ccccc4)cc3)cc2c(-c2ccccc2)c1-c1ccccc1.F[B-](F)(F)F,1
N#C/C(=C\c1cc(N(c2ccccc2)c2ccccc2)c(/C=C(\C#N)c2ccc(C(F)(F)F)cc2)cc1N(c1ccccc1)c1ccccc1)c1ccc(C(F)(F)F)cc1,1
CC1(C)c2ccccc2-c2ccc(-c3ccc(-c4ccccc4/C(=C(\c4ccccc4)c4ccccc4-c4ccc(-c5ccc6c(c5)C(C)(C)c5ccccc5-6)cc4)c4ccccc4)cc3)cc21,1
CCN1C(/C=C/c2ccc(-c3ccc(N(C)C)cc3)s2)=CC(=C(C#N)C#N)c2ccccc21,1
c1ccc(C(=C2c3ccccc3-c3ccccc32)c2ccccc2)cc1,1
C#Cc1ccc(-n2c3ccc(N(C)C)cc3c3cc(N(C)C)ccc32)cc1,1
C[Si]1(c2ccccc2)C(c2ccccc2)=C(c2ccccc2)C(c2ccccc2)=C1c1ccccc1,1
COc1cc2c(OC)cc1Cc1cc(OC)c(cc1OC)Cc1cc(OC)c(cc1OC)Cc1cc(-c3ccc(C(C#N)=C(c4ccccc4)c4ccccc4)cc3)c(cc1-c1ccc(N(c3ccccc3)c3ccccc3)cc1)Cc1cc(OC)c(cc1OC)C2,1
CCCCCC[n+]1cc2ccc(N(c3ccccc3)c3ccccc3)cc2c(-c2ccccc2)c1-c1ccccc1.FB(F)F.[F-],1
c1ccc(N(c2ccccc2)c2ccc(B3Nc4cccc5cccc(c45)N3)cc2)cc1,1
c1ccc(P(c2ccccc2)c2ccccc2)cc1,1
c1ccc(C(=C(c2ccccc2)c2ccccc2-c2cc3cccc4ccc5cccc2c5c43)c2ccccc2)cc1,1
COc1ccc(-c2nc(-c3ccccc3)c(-c3ccccc3)cc2-c2ccccc2)cc1,1
CC(C)(C)c1ccc2c(-c3ccc(C(=C(c4ccccc4)c4ccccc4)c4ccccc4)cc3)c3ccccc3c(-c3ccc(C(=C(c4ccccc4)c4ccccc4)c4ccccc4)cc3)c2c1,1
CCC1=[N+]2C(=C(c3ccc([Si](C)(C)C)cc3)c3ccc(CC)n3[B-]2(F)F)C=C1,1
CCCCN1c2ccccc2Sc2cc(C=C3C(=O)c4ccccc4C3=O)ccc21,1
c1ccc(C(=C(c2ccccc2)c2ccc(-c3c(-c4ccccc4)c(-c4ccccc4)c(-c4ccccc4)c(-c4ccccc4)c3-c3ccc(C(=C(c4ccccc4)c4ccccc4)c4ccccc4)cc3)cc2)c2ccccc2)cc1,1
C[Si]1(C)C(c2ccc(CN=[N+]=[N-])cc2)=C(c2ccccc2)C(c2ccccc2)=C1c1ccc(CN=[N+]=[N-])cc1,1
C[Si]1(c2ccccc2)C([Si](C)(c2ccccc2)c2ccccc2)=C(c2ccccc2)C(c2ccccc2)=C1[Si](C)(c1ccccc1)c1ccccc1,1
CCN(CC)c1ccc(/C=N/C(C#N)=C(\N)C#N)c(O)c1,1
CC1=CN2c3c(c4ccccc4c4ccccc34)-c3ccccc3[C-]2C(c2ccccc2)=C1.FB(F)F.[F-],1
c1ccc(/C(=C(/c2ccccc2)c2ccc(-c3cccc4ccccc34)cc2)c2ccc(-c3cccc4ccccc34)cc2)cc1,1
c1ccc(C(=C(c2ccccc2)c2ccccc2-c2ccc(-c3ccc(-c4nc5ccccc5n4-c4ccccc4)cc3)cc2)c2ccccc2-c2ccc(-c3ccc(-c4nc5ccccc5n4-c4ccccc4)cc3)cc2)cc1,1
S=C(SCc1ccc(C(=C(c2ccccc2)c2ccccc2)c2ccccc2)cc1)N(c1ccccc1)c1ccccc1,1
COc1ccc(/C(=C(/C#N)c2ccccc2)c2ccccc2)cc1,1
CC(C)c1cccc(C(C)C)c1C1=C(c2ccccc2)[Si](c2ccccc2)(c2ccccc2)C(c2c(C(C)C)cccc2C(C)C)=C1c1ccccc1,1
COc1c(/C=C(\C#N)c2ccc(-c3cc[n+](C)cc3)cc2)ccc2cc(N(C)C)ccc12.FP(F)(F)(F)F.[F-],1
O=C1/C(=C/c2ccc(N(c3ccccc3)c3ccccc3)cc2)Cc2cc(Br)ccc21,1
c1ccc(-c2ccc(-c3nc(-c4ccc(-c5cccs5)cc4)c(-c4ccccc4)nc3-c3ccc(-c4cccs4)cc3)cc2)cc1,1
c1ccc(C(=C(c2ccccc2)c2ccc(-c3c4ccccc4cc4ccccc34)cc2)c2ccccc2)cc1,1
c1ccc(N(c2ccccc2)c2ccc(-c3ccc(-c4ccncc4)c4nsnc34)cc2)cc1,1
c1ccc(-c2nc3c(nc2-c2ccccc2)C(c2ccc(N(c4ccccc4)c4cccc5ccccc45)cc2)c2nsnc2C3c2ccc(N(c3ccccc3)c3cccc4ccccc34)cc2)cc1,1
CCCN1c2ccccc2Sc2cc(/C=C/C(=O)c3ccccc3O)ccc21,1
CN(c1ccccc1)c1ccc(C(=C(c2ccccc2)c2ccccc2)c2ccccc2)cc1,1
Cc1cc(C)c(-c2ccc(-c3c(C)cc(C)cc3C)cc2)c(C)c1,1
COc1ccc(C(=C(c2ccc(OC)cc2)c2cc[n+](C)cc2)c2ccc(OC)cc2)cc1.FP(F)(F)(F)F.[F-],1
C(=C/c1ccc(/C(=C(\c2ccccc2)c2ccc(/C=C/c3ccc(C(=C(c4ccccc4)c4ccccc4)c4ccccc4)cc3)cc2)c2ccccc2)cc1)\c1ccc(C(=C(c2ccccc2)c2ccccc2)c2ccccc2)cc1,1
C[n+]1ccc(-c2ccc(/C(C#N)=C/c3ccc(N(c4ccccc4)c4ccccc4)cc3)cc2)cc1,1
CC1=N/C(=C\c2ccccc2)C(=O)O1,1
O=C(/C=C1\Nc2ccccc2N=C1c1ccccc1)c1ccccc1,1
S=C(SCc1ccc(C(=C(c2ccccc2)c2ccccc2)c2ccccc2)cc1)n1ccnc1,1
C[n+]1ccc(/C=C/c2ccc(-c3ccc(N(c4ccccc4)c4ccc(C(=C(c5ccccc5)c5ccccc5)c5ccccc5)cc4)cc3)o2)cc1.F[P-](F)(F)(F)(F)F,1
C[n+]1ccc(-c2ccc(/C(C#N)=C(\C#N)c3ccc(-c4cc[n+](C)cc4)cc3)cc2)cc1.FP(F)(F)(F)F.FP(F)(F)(F)F.[F-].[F-],1
O=Cc1ccc(N(c2ccc(N(c3ccccc3)c3ccccc3)cc2)c2ccc(N(c3ccccc3)c3ccccc3)cc2)cc1,1
C[B-]1(C)c2cc(C(=C(c3ccccc3)c3ccccc3)c3ccccc3)ccc2-c2cccc[n+]21,1
COc1ccc(C(=C(c2ccccc2)c2ccc(C=O)cc2)c2ccc(OC)cc2)cc1,1
C[N+]1(C)CCN(c2ccc(/C=C(\C#N)c3ccc(-c4cc[n+](CCCC(=O)ON5C(=O)CCC5=O)cc4)cc3)cc2)CC1,1
COc1ccc2c(c[n+](C)c3c4cc5c(cc4ccc23)OCO5)c1OC,1
O=C1c2cccnc2-c2ncc(-c3ccc(C(=C(c4ccccc4)c4ccccc4)c4ccccc4)cc3)cc21,1
c1ccc2c(c1)-c1ccccc1C21c2ccccc2-c2ccc(-c3ccc(C(=C(c4ccc(-c5ccc6c(c5)C5(c7ccccc7-c7ccccc75)c5ccccc5-6)cc4)c4ccc(-c5ccc6c(c5)C5(c7ccccc7-c7ccccc75)c5ccccc5-6)cc4)c4ccc(-c5ccc6c(c5)C5(c7ccccc7-c7ccccc75)c5ccccc5-6)cc4)cc3)cc21,1
N#CC(C#N)=C1C=C(/C=C/c2ccc(OC(=O)c3ccccc3P(c3ccccc3)c3ccccc3)cc2)Oc2ccccc21,1
F[B-]1(F)n2cccc2C(c2ccc(Br)cc2)=C2C=CC=[N+]21,1
N#C/C(=C(/C#N)c1ccccc1)c1ccccc1,1
c1ccc(/C(=C(/c2ccccc2)c2ccc3c(c2)-c2ccccc2C3)c2ccc3c(c2)Cc2ccccc2-3)cc1,1
CCn1c2ccc(C(=C(c3ccccc3)c3ccccc3)c3ccccc3)cc2c2cc(C(=C(c3ccccc3)c3ccccc3)c3ccccc3)ccc21,1
C(=C/c1c2ccccc2c(/C=C/c2ccccn2)c2ccccc12)\c1ccccn1,1
C(=N/N=C/c1ccc(C(c2ccccc2)C(c2ccccc2)c2ccccc2)cc1)\c1ccc(C(c2ccccc2)C(c2ccccc2)c2ccccc2)cc1,1
F[B-]1(F)n2cccc2C(NCc2ccccc2)=C2C=CC=[N+]21,1
C[n+]1c2ccccc2c(/C=C/c2ccc(-c3ccc(N(c4ccccc4)c4ccccc4)cc3)s2)c2ccccc21.O=S(=O)([O-])C(F)(F)F,1
COc1cc(/C=C/C2=CC(/C=C/c3ccc(O)c(OC)c3)=N[B-](F)(F)O2)ccc1O,1
COc1ccc(N(c2ccccc2)c2ccc(/C=C/c3cc[n+](C)cc3)cc2)cc1,1
F[B-]1(F)n2cccc2C(c2ccco2)=C2C=CC=[N+]21,1
F[B-]1(F)n2cccc2C(N2CCCCC2)=C2C=CC=[N+]21,1
CC(C)(C)c1ccc(-n2c(-c3ccc(-c4ccc(-c5ccc(C(c6ccccc6)C(c6ccccc6)c6ccccc6)cc5)c5nsnc45)s3)nc3c4ccccc4c4ccccc4c32)cc1,1
CCN(CC)c1ccc(/C=C/C2=C(C#N)C(=C(C#N)C#N)OC2(C)C)c(OC(=O)c2ccccc2P(c2ccccc2)c2ccccc2)c1,1
C[n+]1ccc(/C=C/c2ccc(-c3ccc(N(c4ccccc4)c4ccccc4)cc3)s2)cc1.FP(F)(F)(F)F.[F-],1
C[Si](C)(C1=C(c2ccccc2)C(c2ccccc2)=C([Si](C)(C)c2ccccc2)[Si]1(C)c1ccccc1)c1ccccc1,1
CCC[n+]1cc2ccc(N(c3ccccc3)c3ccccc3)cc2c(-c2cccc3ccccc23)c1-c1cccc2ccccc12.F[B-](F)(F)F,1
C[n+]1ccc(-c2ccc(/C(C#N)=C(\C#N)c3ccc(-c4ccc(N(c5ccccc5)c5ccccc5)cc4)cc3)cc2)cc1,1
N#CC(C#N)=C(c1ccccc1)c1ccc(C(=C(c2ccc(OCCCn3cc(COC4OC(CO)C(O)C(O)C4O)nn3)cc2)c2ccc(OCCCn3cc(COC4OC(CO)C(O)C(O)C4O)nn3)cc2)c2ccccc2)cc1,1
c1ccc(N(c2ccc(-c3c4c(c(-c5ccc(N(c6ccccc6)c6cccc7ccccc67)cc5)c5c3N=S=N5)N=S=N4)cc2)c2cccc3ccccc23)cc1,1
CCCN1c2ccccc2Sc2cc(/C=C(/C#N)C(=O)O)ccc21,1
C#Cc1ccc(-n2c3ccccc3c3cc(N(C)C)ccc32)cc1,1
COc1ccc(C(=C(c2ccccc2)c2ccc(-c3sc(-c4ccc(C(=C(c5ccc(OC)cc5)c5ccc(OC)cc5)c5ccccc5)cc4)c4nc(-c5ccccc5)c(-c5ccccc5)nc34)cc2)c2ccc(OC)cc2)cc1,1
O=C(O[K])c1cc(OCCOCCOCCOCCOc2ccc(/C(=C(\c3ccccc3)c3ccc(OCCOCCOCCOCCOc4cc(C(=O)O[K])nc(C(=O)O[K])c4)cc3)c3ccccc3)cc2)cc(C(=O)O[K])n1,1
c1ccc(C(=C(c2ccccc2)c2ccc(-c3ccc(-c4ccc(C5N=c6c(c7ccccc7c7ccccc67)=[N+]5c5ccccc5)s4)c4nsnc34)cc2)c2ccccc2)cc1,1
CCN(CC)c1ccc(C(=C(c2ccccc2)c2ccc(-c3cc4ccc5cc(-c6ccc(C(=C(c7ccc(N(CC)CC)cc7)c7ccc(N(CC)CC)cc7)c7ccccc7)cc6)cc6ccc(c3)c4c56)cc2)c2ccc(N(CC)CC)cc2)cc1,1
CCCCCCCCOc1ccc(N(c2ccc(OCCCCCCCC)cc2)c2ccc(-c3c4nsnc4c(-c4ccc(N(c5ccc(OCCCCCCCC)cc5)c5ccc(OCCCCCCCC)cc5)cc4)c4nc(-c5ccccc5)c(-c5ccccc5)nc34)cc2)cc1,1
OB(O)c1ccc(/C(=C(\c2ccccc2)c2ccc(B(O)O)cc2)c2ccccc2)cc1,1
N#CC(C#N)=C1C=C(/C=C/c2ccc(N(c3ccccc3)c3ccc(-c4ccc(C(=C(c5ccccc5)c5ccccc5)c5ccccc5)cc4)cc3)cc2)OC(/C=C/c2ccc(N(c3ccccc3)c3ccc(-c4ccc(C(=C(c5ccccc5)c5ccccc5)c5ccccc5)cc4)cc3)cc2)=C1,1
c1ccc(C(=C(c2ccccc2)c2ccc3c(c2)[Si](c2ccccc2)(c2ccccc2)c2cc(C(=C(c4ccccc4)c4ccccc4)c4ccccc4)ccc2-3)c2ccccc2)cc1,1
S=C(SCc1ccc(C(=C(c2ccccc2)c2ccccc2)c2ccccc2)cc1)SCc1ccc(C(=C(c2ccccc2)c2ccccc2)c2ccccc2)cc1,1
COc1ccc(C(C#N)=C(c2ccccc2)c2ccccc2)cc1,1
c1ccc(C(=C(c2ccccc2)c2ccc(OCCCCOc3ccc(C(=C(c4ccccc4)c4ccccc4)c4ccccc4)cc3)cc2)c2ccccc2)cc1,1
c1ccc(C(=C(c2ccccc2)c2ccc(-c3ccc4c(c3)C(c3ccccc3)(c3ccccc3)c3cc(-c5ccc(C(=C(c6ccccc6)c6ccccc6)c6ccccc6)cc5)ccc3-4)cc2)c2ccccc2)cc1,1
F[B-]1(F)n2cccc2C(c2ccc(-[c-]3cccc3)cc2)=C2C=CC=[N+]21.[C-]1C=CC=C1.[Fe+2],1
CCN1C(/C=C/c2ccc(C)s2)=CC(=C(C#N)C#N)c2ccccc21,1
C(=C(c1ccccc1)c1ccccc1)c1ccc(-c2cccc3oc4ccccc4c23)cc1,1
COc1ccc(/C=C/c2c3ccccc3c(/C=C/c3ccc(OC)cc3)c3ccccc23)cc1,1
c1ccc(C(=C(c2cccc(-c3ccc(N(c4ccccc4)c4ccccc4)cc3)c2)c2cccc(-c3ccc(N(c4ccccc4)c4ccccc4)cc3)c2)c2ccccc2)cc1,1
CCCCCCCCCCC(CCCCCCCC)Cc1cc(-c2c(F)c(F)c(-c3cc(CC(CCCCCCCC)CCCCCCCCCC)c(-c4ccc(N(c5ccccc5)c5ccc(C(=C(c6ccccc6)c6ccccc6)c6ccccc6)cc5)cc4)s3)c3nsnc23)sc1-c1ccc(N(c2ccccc2)c2ccc(C(=C(c3ccccc3)c3ccccc3)c3ccccc3)cc2)cc1,1
O=Cc1ccc(-c2ccc(N(c3ccccc3)c3ccccc3)cc2)s1,1
COc1ccc(N(c2ccc(OC)cc2)c2ccc(-c3ccc(-c4ccc(/C=C/c5cc[n+](C)cc5)cc4)c4nsnc34)cc2)cc1.[I-],1
c1ccc(C(=C(c2ccccc2)c2ccccc2-c2ccc3ccccc3c2)c2ccccc2)cc1,1
C(#Cc1cc[n+](Cc2ccccc2)cc1)c1ccc(/C(=C(\c2ccccc2)c2ccc(C#Cc3cc[n+](Cc4ccccc4)cc3)cc2)c2ccccc2)cc1.F[P-](F)(F)(F)(F)F.F[P-](F)(F)(F)(F)F,1
F[B-]1(F)OC(c2ccccc2)=Nc2sc3ccccc3[n+]21,1
COc1ccc(C(=C(c2ccccc2)c2ccc(-c3ccc(/C=C4\N=C(C)OC4=O)cc3)cc2)c2ccc(OC)cc2)cc1,1
c1ccc(/C(=C(/c2ccccc2)c2ccc(-c3c4ccccc4cc4ccccc34)cc2)c2ccc(-c3c4ccccc4cc4ccccc34)cc2)cc1,1
C[Si]1(c2ccccc2)C(c2ccc(C3N=c4c(c5ccccc5c5ccccc45)=[N+]3c3ccccc3)cc2)=C(c2ccccc2)C(c2ccccc2)=C1c1ccc(C2N=c3c(c4ccccc4c4ccccc34)=[N+]2c2ccccc2)cc1,1
c1ccc(N(c2ccccc2)c2ccc3c(c2)[B-](c2ccccc2)(c2ccccc2)[n+]2ccccc2-3)cc1,1
O=C(O)CCCCC[n+]1ccc(/C=C/c2ccc(-c3ccc(N(c4ccccc4)c4ccccc4)cc3)s2)cc1.[Br-],1
COc1ccc(-c2nc(-c3ccc(OC)cc3)c(-c3ccc(OC)cc3)nc2-c2ccccc2)cc1,1
CCCN1c2ccccc2Sc2cc(/C=C/C(=O)c3cccc(O)c3)ccc21,1
C[n+]1ccc(-c2ccc(-c3ccc(N(c4ccccc4)c4ccc(-c5ccc(N)cc5)cc4)cc3)s2)cc1,1
N#Cc1ccc(-c2cc(-c3ccccc3)c(-c3ccc(N4c5ccccc5Oc5ccccc54)cc3)cc2-c2ccccc2)cc1,1
C[N+](C)(C)CCCCCCC1(CCCCCC[N+](C)(C)C)c2ccccc2-c2cc(/C(=C(\c3ccccc3)c3ccc4c(c3)-c3ccccc3C4(CCCCCC[N+](C)(C)C)CCCCC[N+](C)(C)C)c3ccccc3)ccc21,1
c1ccc(C(=C(c2ccccc2)c2ccc(-c3ccc(C(=C(c4ccccc4)c4ccccc4)c4ccccc4)cc3)cc2)c2ccccc2)cc1,1
O=C1C(=Cc2ccc(N(c3ccccc3)c3ccccc3)cc2)C(=O)c2ccccc21,1
c1ccc(C(=C(c2ccccc2)c2ccc(-c3ccc(-c4ccc(C(=C(c5ccccc5)c5ccccc5)c5ccccc5)cc4)o3)cc2)c2ccccc2)cc1,1
c1ccc(C(=C(c2ccccc2)c2cccc(-c3nc(-c4ccccc4)c(-c4ccccc4)nc3-c3ccccc3)c2)c2ccccc2)cc1,1
COc1ccc(C(=C(c2ccccc2)c2ccc(C=C(C#N)C#N)cc2)c2ccc(OC)cc2)cc1,1
COc1ccc(N(c2ccccc2)c2ccc(/C=C/c3cc[n+](CC4=C(C(=O)O)N5C(=O)C(NC(=O)Cc6cccs6)C5SC4)cc3)cc2)cc1,1
O=P(O)(O)Oc1ccc(/C(=C(\c2ccccc2)c2ccc(OP(=O)(O)O)cc2)c2ccccc2)cc1,1
O=C(Cl)c1ccc(-n2c(-c3ccc(C(=C(c4ccccc4)c4ccccc4)c4ccccc4)cc3)nc3c4ccccc4c4ccccc4c32)cc1,1
c1ccc(C(=C(c2ccccc2)c2ccc(-c3cccc4ccccc34)cc2)c2ccccc2)cc1,1
CCCCOc1ccc(C(=C(c2ccccc2)c2ccccc2)c2ccccc2)cc1,1
c1ccc(C(=C(c2cccc(-c3cccc(N(c4ccccc4)c4ccccc4)c3)c2)c2cccc(-c3cccc(N(c4ccccc4)c4ccccc4)c3)c2)c2ccccc2)cc1,1
COc1cc(/C=C(\C#N)c2ccc(N(c3ccccc3)c3ccc(C(=C(c4ccccc4)c4ccccc4)c4ccccc4)cc3)cc2)c(OC)cc1/C=C(\C#N)c1ccc(N(c2ccccc2)c2ccc(C(=C(c3ccccc3)c3ccccc3)c3ccccc3)cc2)cc1,1
O=C1c2cccnc2-c2ccc(N(c3ccc(C(=C(c4ccccc4)c4ccccc4)c4ccccc4)cc3)c3ccc(C(=C(c4ccccc4)c4ccccc4)c4ccccc4)cc3)c3cccc1c23,1
COc1ccc(C(=C(c2ccc(OC)cc2)c2cc[n+](C)cc2)c2ccc(OC)cc2)cc1.F[P-](F)(F)(F)(F)F,1
N#CC(C#N)=C1c2cc(-c3ccc(N(c4ccccc4)c4ccccc4)cc3)ccc2Sc2ccc(-c3ccc(N(c4ccccc4)c4ccccc4)cc3)cc21,1
CCCCCCCCCCCCNC(=O)NCCC[Si]1(C)C(c2ccccc2)=C(c2ccccc2)C(c2ccccc2)=C1c1ccccc1,1
C(=C(c1nc2ccccc2s1)c1nc2ccccc2s1)c1ccccc1,1
COC(=O)C(CC(C)C)NC(=O)c1ccc(-c2cn(Cc3ccc(C(=C(c4ccccc4)c4ccccc4)c4ccc(Cn5cc(-c6ccc(C(=O)NC(CC(C)C)C(=O)OC)cc6)nn5)cc4)cc3)nn2)cc1,1
c1ccc(C(=C(c2ccccc2)c2ccc(-c3ccc(-c4ccc(-c5ccc(-c6ccc(C(=C(c7ccccc7)c7ccccc7)c7ccccc7)cc6)s5)c5nsnc45)s3)cc2)c2ccccc2)cc1,1
CC(C)(C)c1cc2ccc3ccc(/C=C4\CCC/C(=C\c5ccc6ccc7cc(C(C)(C)C)cc8ccc5c6c78)C4=O)c4ccc(c1)c2c34,1
Cc1ccc(-c2ccc(-c3ccc(C)cc3)c(C(=C(c3ccccc3)c3cc(-c4ccc(C)cc4)ccc3-c3ccc(C)cc3)c3ccccc3)c2)cc1,1
Nc1ccc(C#C[Si]2(c3ccccc3)C(c3ccccc3)=C(c3ccccc3)C(c3ccccc3)=C2c2ccccc2)cc1,1
O=c1oc2ccccc2c2c3c4n(c(=[O+][O+]=c5oc6ccccc6c6c7c8n(c(=O)c56)CCCN8CCCC7)c12)CCCN4CCCC3,1
CCOc1ccc(C(=C(c2ccccc2)c2ccc(-c3cc4ccc5cc(-c6ccc(C(=C(c7ccc(OCC)cc7)c7ccc(OCC)cc7)c7ccccc7)cc6)cc6ccc(c3)c4c56)cc2)c2ccc(OCC)cc2)cc1,1
C(=C/c1ccccc1)\C(=C(\C=C\c1ccccc1)c1ccccc1)c1ccccc1,1
COc1ccc(-c2ccc(/C=C3\N=C(C)OC3=O)cc2)c2ccccc12,1
CN(C)c1ccc(C=Cc2nc3ccccc3[nH]c2=O)cc1,1
CCCCCCN1C(=O)c2cccc3c(-c4ccc(C=C(c5ccc(-c6ccc7c8c(cccc68)C(=O)N(CCCCCC)C7=O)cc5)c5ccc(-c6ccc7c8c(cccc68)C(=O)N(CCCCCC)C7=O)cc5)cc4)ccc(c23)C1=O,1
Cn1c(/C=C(\c2ccccc2)c2cc[n+](C)cc2)nc(-c2ccccc2)c1-c1ccccc1,1
CCCCCCC(CCCCCC)N1C(=O)c2ccc3c4ccc5c6c(cc(C#CC7=CC8=C9C(C7)C(C)(C)c7cc(C#Cc%10cc%11c%12c(ccc%13c%14ccc%15c%16c(ccc(c%10c%12%13)c%16%14)C(=O)N(C(CCCCCC)CCCCCC)C%15=O)C(=O)N(C(CCCCCC)CCCCCC)C%11=O)cc%10c7N9c7c(cc(C#Cc9cc%11c%12c(ccc%13c%14ccc%15c%16c(ccc(c9c%12%13)c%16%14)C(=O)N(C(CCCCCC)CCCCCC)C%15=O)C(=O)N(C(CCCCCC)CCCCCC)C%11=O)cc7C%10(C)C)C8(C)C)c(c7ccc(c2c37)C1=O)c64)C(=O)N(C(CCCCCC)CCCCCC)C5=O,1
Cc1ccc(-c2ccccc2C(=C(c2ccccc2)c2ccccc2-c2ccc(C)cc2)c2ccccc2)cc1,1
CCCC[n+]1ccc(/C=C/c2c[nH]c3ccccc23)cc1,1
c1ccc(C(=C(c2ccccc2)c2ccc(-c3c(-c4ccccc4)c(-c4ccccc4)c(-c4ccccc4)c(-c4ccccc4)c3-c3ccc(-c4ccc(-c5c(-c6ccccc6)c(-c6ccccc6)c(-c6ccccc6)c(-c6ccccc6)c5-c5ccc(C(=C(c6ccccc6)c6ccccc6)c6ccccc6)cc5)cc4)cc3)cc2)c2ccccc2)cc1,1
CCCCCCc1cc(-c2c3c(c(-c4c5c(c(-c6cc(CCCCCC)c(-c7ccc(N(c8ccccc8)c8ccccc8)cc7)s6)c6nsnc46)N=S=N5)c4nsnc24)N=S=N3)sc1-c1ccc(N(c2ccccc2)c2ccccc2)cc1,1
c1ccc(C(=C(c2ccc(C3=N[N]N=N3)cc2)c2ccc(-c3nn[nH]n3)cc2)c2ccccc2)cc1,1
OCc1cccc(C2=C3C=CC=[N+]3[B-](F)(F)n3cccc32)c1,1
CCN1C(/C=C/c2ccc(N(C)C)cc2)=CC(=C(C#N)C#N)c2ccccc21,1
C(=C(c1nc2ccccc2s1)c1nc2ccccc2s1)c1ccc2ccc3cccc4ccc1c2c34,1
N#CC(C#N)=Cc1ccc(-c2ccc(C(=C(c3ccccc3)c3ccccc3)c3ccccc3)cc2)o1,1
CCC1=[N+]2C(=C(c3ccc(C(=O)O)cc3)c3ccc(CC)n3[B-]2(F)F)C=C1,1
COc1ccc(N(c2ccc(OC)cc2)c2ccc(-c3ccc4ccc5cc(C(C)(C)C)cc6ccc3c4c56)cc2)cc1,1
COc1ccc(/C(=C(/c2ccc(/C=C/c3cc[n+](CCCCN=[N+]=[N-])cc3)cc2)c2ccc(OC)cc2)c2ccc(/C=C/c3cc[n+](CCCCN=[N+]=[N-])cc3)cc2)cc1.I.I,1
c1ccc(C(=C(c2ccccc2)c2ccc(-c3cc(-c4ccc(C(=C(c5ccccc5)c5ccccc5)c5ccccc5)cc4)c4ccc5c(-c6cccc(C(=C(c7ccccc7)c7ccccc7)c7ccccc7)c6)cc(-c6ccc(C(=C(c7ccccc7)c7ccccc7)c7ccccc7)cc6)c6ccc3c4c65)cc2)c2ccccc2)cc1,1
CCO/C(=C(/OCC)c1cccs1)c1cccs1,1
COc1ccc(C(=C(c2ccccc2)c2ccc(/C=C/C3=CC(=C(C#N)C#N)CC(C)C3)cc2)c2ccc(OC)cc2)cc1,1
COc1ccc(C(=C(c2ccccc2)c2ccc(C(=C(c3cc[n+](C)cc3)c3cc[n+](C)cc3)c3ccccc3)cc2)c2ccc(OC)cc2)cc1.F[P-](F)(F)(F)(F)F.F[P-](F)(F)(F)(F)F,1
CC(=C(C#N)C#N)c1ccc(C(=C(c2ccc(N(C)C)cc2)c2ccc(N(C)C)cc2)c2ccccc2)cc1,1
c1ccc(C(=C(c2ccccc2)c2ccc(-c3cccc4cccc(-c5ccc(C(=C(c6ccccc6)c6ccccc6)c6ccccc6)cc5)c34)cc2)c2ccccc2)cc1,1
COc1ccc(N(c2ccccc2)c2ccc(/C=C/c3cc[n+](CC4=C(C(=O)[O-])N5C(=O)C(NC(=O)Cc6cccs6)C5SC4)cc3)cc2)cc1.[I-].[Na+],1
CN(C)c1ccc(C(c2ccc(N(C)C)cc2)c2ccc(N(C)C)cc2)cc1,1
COc1ccc2c(c1OC)CN(C)c1c-2ccc2cc3c(cc12)OCO3,1
COC(=O)C1=C(C(=O)OC)C(C(=O)OC)N2C=CC(c3ccc(N(c4ccccc4)c4ccccc4)cc3)=CC2=C1C(=O)OC,1
c1ccc(/C(=C(/c2ccccc2)c2ccc(-c3ccc4ccc5cccc6ccc3c4c56)cc2)c2ccc(-c3ccc4ccc5cccc6ccc3c4c56)cc2)cc1,1
Fc1ccc(I)cc1C1=C2C=CC=[N+]2[B-](F)(F)n2cccc21,1
C=CC(=O)Oc1ccc(C(/C=C/c2ccc(N(c3ccccc3)c3ccccc3)cc2)=C(C#N)C#N)cc1,1
CC(C)(C)c1ccc2c(-c3cc(-n4c5ccccc5c5ccccc54)cc(-n4c5ccccc5c5ccccc54)c3)c3cc(C(C)(C)C)ccc3c(-c3ccc(C#N)cc3)c2c1,1
c1ccc(N(c2ccccc2)c2ccc(-n3c4ccccc4c4ccccc43)c3nsnc23)cc1,1
CN(C)c1ccc(C(=C(c2ccccc2)c2ccc(Br)cc2)c2ccc(N(C)C)cc2)cc1,1
CC[n+]1ccc(C=Cc2c[nH]c3ccccc23)cc1,1
N#CC(C#N)=C1Sc2c(c(-c3ccc(N(c4ccccc4)c4ccccc4)cc3)c3nsnc3c2-c2ccc(-c3ccncc3)cc2)S1,1
Clc1ccc(Br)cc1-c1c2ccccc2c(-c2ccccc2)c2cc(Br)ccc12,1
CCCCN1c2ccccc2Sc2cc(C=C(C#N)c3nc4ccccc4[nH]3)ccc21,1
COc1ccc2cc(C(C)C(=O)Oc3ccc(/C(=C(\c4ccccc4)c4ccc(OC(=O)C(C)c5ccc6cc(OC)ccc6c5)cc4)c4ccccc4)cc3)ccc2c1,1
c1ccc(C(=C(c2ccccc2)c2ccc(-c3ccc(-c4ccc(C(=C(c5ccccc5)c5ccccc5)c5ccccc5)cc4)c4n[se]nc34)cc2)c2ccccc2)cc1,1
F[PH](F)(F)(F)(F)F.[N-]=[N+]=NCCCC[n+]1ccc(/C=C/c2ccc(C(=C(c3ccccc3)c3ccccc3)c3ccccc3)cc2)cc1,1
N#C/C(=C\c1ccc(N(c2ccccc2)c2ccccc2)cc1)c1ccc(-c2cc[n+](Cc3ccccc3)cc2)cc1.[Br-],1
c1ccc(C(=C(c2ccccc2)c2ccc(-c3cccc4[se]c5ccccc5c34)cc2)c2ccccc2)cc1,1
C[Si]1(c2ccccc2)C(c2ccc(-c3nc4ccccc4n3-c3ccccc3)cc2)=C(c2ccccc2)C(c2ccccc2)=C1c1ccc(-c2nc3ccccc3n2-c2ccccc2)cc1,1
COc1ccc(-c2oc(-c3ccccc3)[n+](-c3ccccc3)c2-c2ccc(OC)cc2)cc1.FP(F)(F)(F)F.[F-],1
F[B-]1(F)n2cccc2C(N2CCNCC2)=C2C=CC=[N+]21,1
CC1(C)OB(c2ccc(COc3ccccc3/C=N/c3ccc(C(=C(c4ccccc4)c4ccccc4)c4ccccc4)cc3)cc2)OC1(C)C,1
C[N+](C)(C)CCC[n+]1ccc(-c2ccc(-c3ccc(N(c4ccccc4)c4ccccc4)cc3)c3nsnc23)cc1.[Br-].[Br-],1
CCC1=[N+]2C(=C(c3ccc(Br)cc3)c3ccc(CC)n3[B-]2(F)F)C=C1,1
CCCCC(CC)Cc1cc(-c2c3c(c(-c4cc(CC(CC)CCCC)c(-c5ccc(N(c6ccccc6)c6ccccc6)cc5)s4)c4nsnc24)N=S=N3)sc1-c1ccc(N(c2ccccc2)c2ccccc2)cc1,1
c1ccc(/C(=C(/c2ccccc2)c2ccc(-c3ccc(-n4c5ccccc5c5ccccc54)cc3)cc2)c2ccc(-c3ccc(-n4c5ccccc5c5ccccc54)cc3)cc2)cc1,1
N#Cc1ccc(-c2ccc(N(c3ccccc3)c3ccccc3)cc2)cc1C#N,1
N#CC(=C1C(=C(C#N)c2ccccc2C#N)C1=C(C#N)c1ccccc1C#N)c1ccccc1C#N,1
Cc1cc(C)c(B(c2ccc(N(c3ccccc3)c3ccc(N(c4ccccc4)c4ccccc4)cc3)cc2)c2c(C)cc(C)cc2C)c(C)c1,1
C[n+]1ccc(/C=C/c2ccc(C(=C(c3ccccc3)c3ccccc3)c3ccc(/C=C/c4cc[n+](C)cc4)cc3)cc2)cc1,1
CC1=CC(C(c2cc(C)c(C)cc2C)C(c2cc(C)c(C)cc2C)c2cc(C)c(C)cc2C)C(C)=CC1C,1
CC1=CC(C)=[N+]2C1=C(c1ccc(-c3ccc(C(=C(c4ccccc4)c4ccccc4)c4ccccc4)cc3)cc1)c1c(C)cc(C)n1[B-]2(F)F,1
COc1ccc(C(=C(c2ccccc2)c2ccc(-c3ccc(C=C4C(=O)N(C)C(=O)N(C)C4=O)s3)cc2)c2ccc(OC)cc2)cc1,1
COc1ccc(N(c2ccccc2)c2ccc(/C=C/c3cc[n+](C)cc3)cc2)cc1.[I-],1
c1ccc(N(c2ccccc2)c2ccc(-c3ccc(-c4ccc(N(c5ccccc5)c5ccccc5)cc4)c4nsnc34)cc2)cc1,1
c1ccc(-c2nc(-c3ccc(-c4cccs4)cc3)c(-c3ccc(-c4cccs4)cc3)nc2-c2ccccc2)cc1,1
CCCCCCCCOC(=O)c1ccc(-n2c(-c3ccccc3)cc3c2cc(-c2ccccc2)n3-c2ccc(C(=O)OCCCCCCCC)cc2)cc1,1
O=C(O)CN(CC(=O)O)Cc1ccc(C(=C(c2ccccc2)c2ccccc2)c2ccccc2)cc1,1
CC1=[N+]2C(=C(c3ccc(C(=C(c4ccccc4)c4ccccc4)c4ccccc4)cc3)c3ccc(C)n3[B-]2(F)F)C=C1,1
Cc1cc(C)c(C(c2cc(C)c(C)cc2C)C(c2cc(C)c(C)cc2C)c2cc(C)c(C)cc2C)cc1C,1
COc1ccc(-[n+]2c(-c3ccccc3)oc(-c3ccccc3)c2-c2ccccc2)cc1,1
F[B-]1(F)OC(c2ccc(N(c3ccccc3)c3ccccc3)cc2)=Nc2sc3ccccc3[n+]21,1
CC(C)(C)c1ccc2c(-c3cccc(-n4c5ccccc5c5ccccc54)c3)c3cc(C(C)(C)C)ccc3c(-c3ccc(C#N)cc3)c2c1,1
CCCCCCc1cc(-c2c3c(c(-c4cc(CCCCCC)c(-c5ccc(N(c6ccccc6)c6ccccc6)cc5)s4)c4c2N=S=N4)N=S=N3)sc1-c1ccc(N(c2ccccc2)c2ccccc2)cc1,1
C(=C(C(=C/c1ccccc1)/c1ccccc1)\c1ccccc1)\c1ccccc1,1
CCCCCCCCOc1ccc(C(=C(c2ccccc2)c2ccc(OCCCC[N+](C)(C)C)cc2)c2ccccc2)cc1.[Br-],1
c1ccc(C(=C(c2ccccc2)c2ccc(-c3ccc(/C(=C(\c4ccccc4)c4ccc(-c5ccc(C(=C(c6ccccc6)c6ccccc6)c6ccccc6)cc5)cc4)c4ccccc4)cc3)cc2)c2ccccc2)cc1,1
Cc1cc(C)c(Cc2cc(C)c(C)cc2C)cc1C,1
CCCCOc1ccc(C(=O)C#Cc2ccc(/C(=C(\c3ccccc3)c3ccc(C#CC(=O)c4ccc(CCCC)cc4)cc3)c3ccccc3)cc2)cc1,1
O=C(CN(CC(=O)O[Na])Cc1ccc(O)c(/C=N/N=C/c2cc(CN(CC(=O)O[Na])CC(=O)O[Na])ccc2O)c1)O[Na],1
F[B-]1(F)n2cccc2C(c2ccc(N(c3ccccc3)c3ccccc3)cc2)=C2C=CC=[N+]21,1
O=c1c2cc(-c3ccc(N(c4ccccc4)c4ccccc4)cc3)ccc2sc2ccc(-c3ccc(N(c4ccccc4)c4ccccc4)cc3)cc12,1
O=c1oc(-c2ccccc2)c(-c2ccccc2)cc1-c1ccccc1,1
CCCN1C(=O)/C(=C/c2ccc(-c3ccc(N(c4ccccc4)c4ccccc4)cc3)cc2)N=C1C,1
c1ccc(C(=C(c2ccccc2)c2ccccc2-c2cc3ccccc3c3ccccc23)c2ccccc2)cc1,1
N#Cc1nc2nc(-c3ccc(N(c4ccccc4)c4ccccc4)cc3)c(-c3ccc(N(c4ccccc4)c4ccccc4)cc3)nc2nc1C#N,1
C(=C/c1ccc(-c2ccc(N(c3ccccc3)c3ccccc3)cc2)s1)\c1cc[n+](CCCC[n+]2ccccc2)cc1.[Br-].[Br-],1
CN(C)c1ccc(/C=N/C(C#N)=C(\N)C#N)cc1,1
CCO/C(=C(/OCC)c1ccc[se]1)c1ccc[se]1,1
CCCCC1(c2ccc(C)cc2)Nc2ccccc2N=C1c1ccc(C)cc1,1
O=C(c1ccc(N2c3ccccc3Oc3ccccc32)cc1)c1ccc2c(c1)c1ccccc1n2-c1ccc2c(c1)C(c1ccccc1)(c1ccccc1)c1cc(-n3c4ccccc4c4ccccc43)ccc1-2,1
COc1ccc(N(c2ccc(OC)cc2)c2ccc(-c3c4c(c(-c5ccc(N(c6ccc(OC)cc6)c6ccc(OC)cc6)cc5)c5nsnc35)SC(=C(C#N)C#N)S4)cc2)cc1,1
N#CC(C#N)=Cc1ccc(-c2ccc(C(=C(c3ccccc3)c3ccccc3)c3ccccc3)cc2)s1,1
N#C/C(=C\c1ccc2ccc3cccc4ccc1c2c34)c1ccc(-c2ccc(-n3c4ccccc4c4ccccc43)cc2)cc1,1
CCC[n+]1cc2ccc(C(=C(c3ccc(OC)cc3)c3ccc(OC)cc3)c3ccccc3)cc2c(-c2ccccc2)c1-c1ccccc1.F[B-](F)(F)F,1
c1ccc(N(c2ccccc2)c2ccc(-c3ccc(-c4ccc(N(c5ccccc5)c5ccccc5)cc4)c4n[se]nc34)cc2)cc1,1
F[B-]1(F)n2cccc2C(c2ccc(/C=C/c3ccc(C(=C(c4ccccc4)c4ccccc4)c4ccccc4)cc3)cc2)=C2C=CC=[N+]21,1
CCN(CC)c1ccc(C(=C(c2ccccc2)c2ccc(C#CC#CC#CC#Cc3ccc(C(=C(c4ccc(N(CC)CC)cc4)c4ccc(N(CC)CC)cc4)c4ccccc4)cc3)cc2)c2ccc(N(CC)CC)cc2)cc1,1
O=c1c(N(c2ccc(Cl)cc2)c2ccc(Cl)cc2)c([O-])c1=[N+](c1ccc(Cl)cc1)c1ccc(Cl)cc1,1
N#CC(C#N)=C(c1ccccc1)c1ccc(C(=C(c2ccc(OCCCc3cn(C4OC(CO)C(O)C(O)C4O)nn3)cc2)c2ccc(OCCCc3cn(C4OC(CO)C(O)C(O)C4O)nn3)cc2)c2ccccc2)cc1,1
F[B-]1(F)n2cccc2C(c2ccc(C#Cc3ccc(C(=C(c4ccccc4)c4ccccc4)c4ccccc4)cc3)cc2)=C2C=CC=[N+]21,1
C[Si]1(C)C(c2ccc3sccc3c2)=C(c2ccccc2)C(c2ccccc2)=C1c1ccc2ccsc2c1,1
COc1ccc(N(c2ccc(OC)cc2)c2ccc(-c3c4nsnc4c(-c4ccc(N(c5ccc(OC)cc5)c5ccc(OC)cc5)cc4)c4nc(-c5ccccc5)c(-c5ccccc5)nc34)cc2)cc1,1
C[n+]1ccc(-c2ccc(C(=C(c3ccc([N+](=O)[O-])cc3)c3ccc([N+](=O)[O-])cc3)c3ccc(-c4cc[n+](C)cc4)cc3)cc2)cc1.F[PH](F)(F)(F)(F)F.F[PH](F)(F)(F)(F)F,1
C[Si]1(c2ccccc2)C(C2C=C3C=CC=CC3S2)=C(c2ccccc2)C(c2ccccc2)=C1C1C=C2C=CC=CC2S1,1
CCC[n+]1cc2ccc(N(C)C)cc2c(-c2ccccc2)c1-c1ccccc1.F[B-](F)(F)F,1
c1ccc(C(=C(c2ccc(-c3cccc(N(c4ccccc4)c4ccccc4)c3)cc2)c2ccc(-c3cccc(N(c4ccccc4)c4ccccc4)c3)cc2)c2ccccc2)cc1,1
CCCCCCCCOc1ccc(C(=O)N/N=C/c2cc(C(=O)c3ccc(O)c(/C=N/NC(=O)c4ccc(OCCCCCCCC)cc4)c3)ccc2O)cc1,1
CC(C)(C)c1ccc(-n2c(-c3ccc(-c4ccc(-c5ccc(C(=C(c6ccccc6)c6ccccc6)c6ccccc6)cc5)c5nsnc45)s3)nc3c4ccccc4c4ccccc4c32)cc1,1
c1ccc(C(=C(c2ccccc2)c2ccc(-c3ccc4c(c3)C3(c5ccccc5-c5ccccc53)c3cc(-c5ccc(C(=C(c6ccccc6)c6ccccc6)c6ccccc6)cc5)ccc3-4)cc2)c2ccccc2)cc1,1
Cc1ccc(/C(=C\C=C(\c2ccc(C(=O)[O-])cc2)c2ccc(C)o2)c2ccc(C(=O)[O-])cc2)o1.[Na+].[Na+],1
F[B-]1(F)n2cccc2C(c2ccccc2-c2ccccc2)=C2C=CC=[N+]21,1
O=C([O-])c1cc(OCCCCOc2ccc(C(=C(c3ccc(OCCCCOc4cc(C(=O)[O-])nc(C(=O)[O-])c4)cc3)c3ccc(OCCCCOc4cc(C(=O)[O-])nc(C(=O)[O-])c4)cc3)c3ccc(OCCCCOc4cc(C(=O)[O-])nc(C(=O)[O-])c4)cc3)cc2)cc(C(=O)[O-])n1,1
CCN(CC)c1ccc(/C=C(\C#N)c2nc3ccccc3s2)c(OP(=O)(c2ccccc2)c2ccccc2)c1,1
CC1=N/C(=C\c2ccc(-c3ccccc3)cc2)C(=O)O1,1
CC1=N/C(=C\c2ccc3c(c2)Cc2ccccc2-3)C(=O)O1,1
CCCCOc1ccc(C(=C(c2ccccc2)c2ccc(-c3c4c(c(-c5ccc(C(=C(c6ccc(OCCCC)cc6)c6ccc(OCCCC)cc6)c6ccccc6)cc5)c5nsnc35)N=S=N4)cc2)c2ccc(OCCCC)cc2)cc1,1
Oc1ccccc1C=NN=Cc1ccc(-c2ccccc2)cc1,1
c1ccc(N(c2ccccc2)c2ccc(-c3ccc(-c4nc5c(-c6ccc(N(c7ccccc7)c7ccccc7)cc6)c6nsnc6c(-c6ccc(N(c7ccccc7)c7ccccc7)cc6)c5nc4-c4ccc(-c5ccc(N(c6ccccc6)c6ccccc6)cc5)cc4)cc3)cc2)cc1,1
CCCCCCc1cc(N(c2ccc(OC)cc2)c2ccc(OC)cc2)sc1-c1c2c(c(-c3sc(N(c4ccc(OC)cc4)c4cccc(OC)c4)cc3CCCCCC)c3nsnc13)N=S=N2,1
CCC1=[N+]2C(=C(c3cccc(Br)c3)c3ccc(CC)n3[B-]2(F)F)C=C1,1
C[Si]1(c2ccccc2)C(c2ccc3ccccc3c2)=C(c2ccccc2)C(c2ccccc2)=C1c1ccc2ccccc2c1,1
O=S(=O)([O-])CCCOc1ccc(/C(=C(\c2ccccc2)c2ccc(OCCCS(=O)(=O)[O-])cc2)c2ccccc2)cc1,1
COc1ccc([N+]2=Cc3ccc(N(c4ccccc4)c4ccccc4)cc3O[B-]2(F)F)cc1,1
Cc1ccccc1C1=C(c2ccccc2C)S(=O)(=O)c2ccccc21,1
COc1ccc2cc(C(C)C(=O)Oc3ccc(C(=C(c4ccc(OC(=O)C(C)c5ccc6cc(OC)ccc6c5)cc4)c4ccc(OC(=O)C(C)c5ccc6cc(OC)ccc6c5)cc4)c4ccc(OC(=O)C(C)c5ccc6cc(OC)ccc6c5)cc4)cc3)ccc2c1,1
CCCCC(CC)CN1C(=O)C2=C(/C=C/c3ccc(N(c4ccccc4)c4ccccc4)cc3)N(CC(CC)CCCC)C(=O)C2=C1/C=C/c1ccc(N(c2ccccc2)c2ccccc2)cc1,1
N#CC(=C(c1ccccc1)c1ccccc1)c1ccc(N(c2ccccc2)c2ccccc2)cc1,1
CCCCCCCCCCCCSC(=S)SCc1ccc(C(=C(c2ccccc2)c2ccccc2)c2ccccc2)cc1,1
COC(=O)c1ccc(-n2c(-c3ccccc3)cc3c2cc(-c2ccccc2)n3-c2ccc(C(=O)OC)cc2)cc1,1
CCCCCCCCCCCCCCCCCCC[N+](C)(C)Cc1ccc(O)c(-c2nc3ccccc3s2)c1.[Cl-],1
C[n+]1ccc(/C=C/c2ccc(-c3ccc(N(c4ccccc4)c4ccccc4)cc3)o2)cc1,1
c1ccc(-c2oc(-c3ccccc3)[n+](-c3ccccc3)c2-c2ccccc2)cc1,1
CCCCCCCCOc1ccc(N(c2ccc(OCCCCCCCC)cc2)c2ccc(-c3c4nsnc4c(-c4ccc(N(c5ccc(OCCCCCCCC)cc5)c5ccc(OCCCCCCCC)cc5)cc4)c4nc(-c5ccc(C#Cc6ccccc6)cc5)c(-c5ccc(C#Cc6ccccc6)cc5)nc34)cc2)cc1,1
c1ccc2c(c1)c1ccccc1n2-c1cc(-n2c3ccccc3c3ccccc32)c(-n2c3ccccc3c3ccccc32)cc1-n1c2ccccc2c2ccccc21,1
F[P-](F)(F)(F)(F)F.c1ccc(-c2c[n+](-c3ccccc3)c(-c3ccccc3)o2)cc1,1
c1ccc(N(c2ccccc2)c2ccc(C(=C(c3ccc(N(c4ccccc4)c4ccccc4)cc3)c3ccc(N(c4ccccc4)c4ccccc4)cc3)c3ccc(N(c4ccccc4)c4ccccc4)cc3)cc2)cc1,1
c1ccc(C(=C(c2ccccc2)c2ccc(-c3ccc(-c4ccc(C(=C(c5ccccc5)c5ccccc5)c5ccccc5)cc4)c4nsnc34)cc2)c2ccccc2)cc1,1
F[B-]1(F)n2cccc2C(NCc2ccco2)=C2C=CC=[N+]21,1
c1ccc(/C(=C(/c2ccccc2)c2ccc(N3c4ccccc4Oc4ccccc43)cc2)c2ccc(N3c4ccccc4Oc4ccccc43)cc2)cc1,1
COc1c(/C=C(\C#N)c2ccc(-c3ccncc3)cc2)ccc2cc(N(C)C)ccc12,1
CCCN1c2ccccc2Sc2cc(C=C(C(=O)O)C(=O)O)ccc21,1
F[PH](F)(F)(F)(F)F.N#C/C(=C\c1ccc(N(c2ccccc2)c2ccccc2)cc1)c1ccc(/C=C/c2cc[n+](CCCCCCN=[N+]=[N-])cc2)cc1,1
CN(C)c1ccc(C=C2C(=O)c3ccccc3C2=O)cc1,1
CN(C)c1ccc(/C=C2\Cc3cc(F)ccc3C2=O)cc1,1
COc1c(/C=C(\C#N)c2ccc(Br)cc2)ccc2cc(N(C)C)ccc12,1
Cc1ccc(C=C(c2nc3ccccc3s2)c2nc3ccccc3s2)cc1,1
c1ccc(N(c2ccccc2)c2ccc(-c3ccc(-c4nc5cc6nc(-c7ccc(-c8ccc(N(c9ccccc9)c9ccccc9)cc8)cc7)c(-c7ccc(-c8ccc(N(c9ccccc9)c9ccccc9)cc8)cc7)nc6cc5nc4-c4ccc(-c5ccc(N(c6ccccc6)c6ccccc6)cc5)cc4)cc3)cc2)cc1,1
C[n+]1ccc(-c2ccc(/C(C#N)=C(\C#N)c3ccc(-c4cc[n+](C)cc4)cc3)cc2)cc1,1
c1ccc(C(=C(c2ccccc2)c2ccc(N(c3ccc(-c4ccc(-c5ccc(N(c6ccc(C(=C(c7ccccc7)c7ccccc7)c7ccccc7)cc6)c6cccc7ccccc67)cc5)c5nsnc45)cc3)c3cccc4ccccc34)cc2)c2ccccc2)cc1,1
C1=Cc2nc1c(-c1cc[n+](Cc3ccc(C(=C(c4ccccc4)c4ccccc4)c4ccccc4)cc3)cc1)c1ccc([nH]1)c(-c1cc[n+](Cc3ccc(C(=C(c4ccccc4)c4ccccc4)c4ccccc4)cc3)cc1)c1nc(c(-c3cc[n+](Cc4ccc(C(=C(c5ccccc5)c5ccccc5)c5ccccc5)cc4)cc3)c3ccc([nH]3)c2-c2cc[n+](Cc3ccc(C(=C(c4ccccc4)c4ccccc4)c4ccccc4)cc3)cc2)C=C1.[Br-].[Br-].[Br-].[Br-],1
COc1ccc(-c2nc(-c3ccccc3)c(-c3ccccc3)nc2-c2ccccc2)cc1,1
CCn1c2cc(C(=C(c3ccccc3)c3ccccc3)c3ccccc3)ccc2c2ccc(C(=C(c3ccccc3)c3ccccc3)c3ccccc3)cc21,1
CCCCN1c2ccccc2Sc2cc(C=C(C#N)C#N)ccc21,1
N#Cc1ccc([N+]2=Cc3ccc(N(c4ccccc4)c4ccccc4)cc3O[B-]2(F)F)cc1,1
C(#Cc1ccc(/C(=C(\c2ccccc2)c2ccc(C#Cc3ccncc3)cc2)c2ccccc2)cc1)c1ccncc1,1
[Zn].[Zn].c1ccc(C(=C(c2ccccc2)c2ccc(-c3cc(CN(Cc4ccccn4)Cc4ccccn4)cc(CN(Cc4ccccn4)Cc4ccccn4)c3)cc2)c2ccccc2)cc1,1
Cc1ccc(-c2ccc(-c3ccc(-c4ccc(C)cc4)cc3C(=C(c3ccccc3)c3cc(-c4ccc(C)cc4)ccc3-c3ccc(-c4ccc(C)cc4)cc3)c3ccccc3)cc2)cc1,1
N#Cc1ccc(-c2cc(-c3ccccc3)c(-c3ccc(-c4ccc5c(c4)c4ccccc4n5-c4ccccc4)cc3)cc2-c2ccccc2)cc1,1
C[Si]1(C)C(c2ccccc2)=C(c2ccccc2)C(c2ccccc2)=C1c1ccccc1,1
CC(=C(C#N)c1ccc(N(c2ccccc2)c2ccc(C(=C(c3ccccc3)c3ccccc3)c3ccccc3)cc2)cc1)c1ccc(N(c2ccccc2)c2ccc(C(=C(c3ccccc3)c3ccccc3)c3ccccc3)cc2)cc1,1
N#CC(C#N)=Cc1ccc(C(=C(c2ccccc2)c2ccccc2)c2ccc(C=C(C#N)C#N)cc2)cc1,1
c1ccc(C(=C(c2ccccc2)c2ccc(-c3nc(-c4ccccc4)c(-c4ccccc4)nc3-c3ccccc3)cc2)c2ccccc2)cc1,1
C[n+]1ccc(/C(=C(\c2ccccc2)c2ccc(N(c3ccccc3)c3ccccc3)cc2)c2ccccc2)cc1.F[P-](F)(F)(F)(F)F,1
CCCCNC1=CC(=O)N(c2ccccc2)C1=O,1
O=C(c1ccccc1)c1ccc2nc3c4ccc(N5c6ccccc6C6(c7ccccc7Sc7ccccc76)c6ccccc65)cc4c4cc(N5c6ccccc6C6(c7ccccc7Sc7ccccc76)c6ccccc65)ccc4c3nc2c1,1
[N-]=[N+]=NCCCCCCN1C(=O)c2cccc3c(N(c4ccccc4)c4ccc(C(=C(c5ccccc5)c5ccccc5)c5ccccc5)cc4)ccc(c23)C1=O,1
Oc1ccccc1C=NN=Cc1ccc(N(c2ccccc2)c2ccccc2)cc1,1
COc1ccc(-c2oc(-c3ccc(OC)cc3)[n+](-c3ccccc3)c2-c2ccc(OC)cc2)cc1.FP(F)(F)(F)F.[F-],1
CCCCN1C(=O)C=C(Nc2ccccc2)C1=O,1
Cc1cc(-c2ccc(N(c3ccccc3)c3ccccc3)cc2)c2c3ccc(N(c4ccccc4)c4ccccc4)cc3c(-c3ccc(N(c4ccccc4)c4ccccc4)cc3)c(-c3ccc(N(c4ccccc4)c4ccccc4)cc3)[n+]2c1.F[P-](F)(F)(F)(F)F,1
O=C(NC1CCCCC1)NS(=O)(=O)c1ccc(-c2ccc(-c3ccc(N(c4ccccc4)c4ccccc4)cc3)s2)cc1,1
Cc1sc2ccccc2c1-c1c(-c2c(C)sc3ccccc23)c2nsnc2c2nsnc12,1
COc1cc2c(c3oc(=O)ccc13)C=CC(C)(C)O2,1
F[B-]1(F)n2cccc2C(N2CCOCC2)=C2C=CC=[N+]21,1
COc1ccc(N(c2ccc(OC)cc2)c2ccc(-c3ccc(-c4ccc(N(c5ccc(OC)cc5)c5ccc(OC)cc5)cc4)c4nsnc34)cc2)cc1,1
CCCN1c2ccccc2Sc2cc(/C=C(/C#N)C(=O)OCC)ccc21,1
COc1ccc(C(=C(c2ccccc2)c2ccc(-c3ccc(C(C)=C(C#N)C#N)s3)cc2)c2ccc(OC)cc2)cc1,1
CCCN1c2ccccc2Sc2cc(/C=C(\C#N)c3nc4ccccc4o3)ccc21,1
c1ccc(N(c2ccccc2)c2ccc(-c3c4ccccc4cc4nsnc34)cc2)cc1,1
CC#Cc1ccc(/C(=C(\c2ccccc2)c2ccc(C)cc2)c2ccccc2)cc1,1
CC[N+]([O-])(CC)c1ccc(N(c2ccc(-c3ccc(-c4ccc(N(c5ccc([N+]([O-])(CC)CC)cc5)c5ccc([N+]([O-])(CC)CC)cc5)cc4)c4nsnc34)cc2)c2ccc([N+]([O-])(CC)CC)cc2)cc1,1
Cc1cc(C)c(B(c2ccc(-c3ccc(-c4ccc(/C(=C(\c5ccccc5)c5ccc(-c6ccc(-c7ccc(B(c8c(C)cc(C)cc8C)c8c(C)cc(C)cc8C)cc7)cc6)cc5)c5ccccc5)cc4)cc3)cc2)c2c(C)cc(C)cc2C)c(C)c1,1
COc1ccc(N(c2ccc(OC)cc2)c2ccc(-c3c4ccccc4c(-c4ccc(/C=C/c5cc[n+](C)cc5)cc4)c4nsnc34)cc2)cc1.[I-],1
c1ccc(C(=C(c2ccccc2)c2ccccc2-c2ccccc2)c2ccccc2)cc1,1
COC(=O)[C@]1(C)CCC[C@]2(C)c3cc(Br)c(N=Cc4ccccc4O)cc3CCC12,1
CCCCN1c2ccccc2Sc2cc(/C=C(\C#N)c3nc4ccccc4o3)ccc21,1
C(=C\c1ccc2ccc3cccc4ccc1c2c34)\c1c2ccccc2cc2ccccc12,1
CCCCN(CCCC)c1ccc(/C=N/C(C#N)=C(\N)C#N)cc1,1
c1ccc(/C(=C(\c2ccccc2)c2ccccc2-c2ccc(N(c3ccccc3)c3ccccc3)cc2)c2ccccc2-c2ccc(N(c3ccccc3)c3ccccc3)cc2)cc1,1
c1ccc(/C(=C(/c2ccccc2)c2cccc(N(c3ccccc3)c3ccccc3)c2)c2ccc(N(c3ccccc3)c3ccccc3)cc2)cc1,1
c1ccc(C(=C(c2ccccc2)c2ccc(N(c3ccc(-c4ccc(-c5ccc(N(c6ccc(C(=C(c7ccccc7)c7ccccc7)c7ccccc7)cc6)c6ccc(N(c7ccccc7)c7ccccc7)cc6)cc5)c5n[se]nc45)cc3)c3ccc(N(c4ccccc4)c4ccccc4)cc3)cc2)c2ccccc2)cc1,1
CC[n+]1c(/C=C/c2ccc(C(=C(c3ccccc3)c3ccccc3)c3ccccc3)cc2)sc2ccccc21.[I-],1
CC1(C)c2ccccc2N(c2ccc(-c3cc(-c4ccccc4)c(-c4ccc(C#N)cc4)cc3-c3ccccc3)cc2)c2ccccc21,1
Cc1ccc(C2=CC(c3ccccc3)=C(c3ccccc3)C2)cc1,1
N#CC(C#N)=Cc1ccc(-c2ccc(-c3nc(-c4ccccc4)c(-c4ccccc4)nc3-c3ccccc3)cc2)s1,1
CCCCN1c2ccccc2Sc2cc(/C=C(\C#N)C(=O)O)ccc21,1
CCCCN1C(=O)/C(=C/c2ccc(-c3ccc(N(c4ccccc4)c4ccc(OC)cc4)cc3)cc2)N=C1C,1
c1ccc(C(=C(c2ccccc2)c2cc(-c3ccccc3)ccc2-c2ccc(-c3ccccc3)cc2)c2cc(-c3ccccc3)ccc2-c2ccc(-c3ccccc3)cc2)cc1,1
CCCCCCCCCOc1cc([N+]#C[Au]c2c(F)c(F)c(F)c(F)c2F)c(OCCCCCCCCC)cc1[N+]#C[Au]c1c(F)c(F)c(F)c(F)c1F,1
FP(F)(F)(F)F.[F-].c1ccc(-c2oc(-c3ccccc3)[n+](-c3ccccc3)c2-c2ccccc2)cc1,1
CCCCCCCCCCCCC(CCCCCCCCCC)Cn1c(=O)c2c3sc(=C(C#N)C(C#N)=c4sc5c(s4)c4c(=O)n(CC(CCCCCCCCCC)CCCCCCCCCCCC)c(=O)c6c7sc(=C(C#N)c8ccc(C(=C(c9ccccc9)c9ccccc9)c9ccccc9)cc8)sc7c7c(=O)n(CC(CCCCCCCCCC)CCCCCCCCCCCC)c(=O)c5c7c46)sc3c3c(=O)n(CC(CCCCCCCCCC)CCCCCCCCCCCC)c(=O)c4c5sc(=C(C#N)c6ccc(C(=C(c7ccccc7)c7ccccc7)c7ccccc7)cc6)sc5c(c1=O)c2c34,1
COc1ccc([Bi](c2ccc(OC)cc2)c2ccc(OC)cc2)cc1,1
c1ccc(C(=C(c2ccccc2)c2ccccc2-c2c3ccccc3cc3ccccc23)c2ccccc2)cc1,1
c1ccc(-c2c(-c3ccccc3)c(-c3ccccc3)c(-c3ccccc3)c(-c3ccccc3)c2-c2ccccc2)cc1,1
c1ccc(C(=C(c2ccccc2)c2ccc(-c3ccc(-c4ccc(-c5sc(-c6ccc(C(=C(c7ccccc7)c7ccccc7)c7ccccc7)cc6)cc5-c5ccc(C(=C(c6ccccc6)c6ccccc6)c6ccccc6)cc5)c5nsnc45)s3)cc2)c2ccccc2)cc1,1
C[N+](C)(Cc1ccc(B(O)O)cc1)c1ccc(/C(=C(\c2ccccc2)c2ccc([N+](C)(C)Cc3ccc(B(O)O)cc3)cc2)c2ccccc2)cc1.[Br-].[Br-],1
F[B-]1(F)n2cccc2C(c2cccc3c2oc2ccccc23)=C2C=CC=[N+]21,1
c1ccc(N(c2ccccc2)c2ccc(C(=C(c3ccc(-c4ccc(N(c5ccccc5)c5ccccc5)cc4)cc3)c3ccc(-c4ccc(N(c5ccccc5)c5ccccc5)cc4)cc3)c3ccc(-c4ccc(N(c5ccccc5)c5ccccc5)cc4)cc3)cc2)cc1,1
CCCCC(CC)CN1C(=O)c2c(c3sc4cc(-c5ccc(N(c6ccc(OC)cc6)c6ccc(OC)cc6)cc5)sc4c3c3c2sc2cc(-c4ccc(N(c5ccc(OC)cc5)c5ccc(OC)cc5)cc4)sc23)C1=O,1
CCn1c2ccccc2c2cc(C=C3C(=O)c4ccccc4C3=O)ccc21,1
C[n+]1ccc(/C=C/c2ccc(N(c3ccccc3)c3ccccc3)cc2)cc1.F[P-](F)(F)(F)(F)F,1
CC1Cc2cc(/C=C/C3=CC(=C(C#N)C#N)C=C(C(C)(C)C)O3)cc3c2N1CCC3(C)C,1
F[B-]1(F)n2cccc2C(Nc2ccccc2)=C2C=CC=[N+]21,1
COc1ccc(-c2ccccc2C(=C(c2ccccc2)c2ccccc2-c2ccc(OC)cc2)c2ccccc2)cc1,1
CCOc1ccc(C(=C(c2ccc(OCC)cc2)c2ccc(OCC)cc2)c2ccc(OCC)cc2)cc1,1
Oc1cc(OCCCCCC[P+](c2ccccc2)(c2ccccc2)c2ccccc2)ccc1C=NN=Cc1ccc(OCCCCCC[P+](c2ccccc2)(c2ccccc2)c2ccccc2)cc1O,1
S=C(SCc1ccc(C(=C(c2ccccc2)c2ccccc2)c2ccccc2)cc1)N(c1ccccc1)c1cccc2ccccc12,1
c1ccc(-c2nc(-c3ccc(-c4cccs4)cc3)c(-c3ccccc3)nc2-c2ccc(-c3ccco3)cc2)cc1,1
N#CC(C#N)=Cc1cc(-c2ccccc2)c(C=C(C#N)C#N)cc1-c1ccccc1,1
C[Si]1(C)C(c2ccc(C3N=c4ccccc4=[N+]3c3ccccc3)cc2)=C(c2ccccc2)C(c2ccccc2)=C1c1ccc(C2N=c3ccccc3=[N+]2c2ccccc2)cc1,1
CC[n+]1ccc(-c2ccc(/C(C#N)=C/c3ccc(C#Cc4ccccc4)cc3)cc2)cc1.F[P-](F)(F)(F)(F)F,1
c1ccc(C(=C(c2ccccc2)c2cccc(-c3ccc4c(c3)[Si](c3ccccc3)(c3ccccc3)c3cc(-c5cccc(C(=C(c6ccccc6)c6ccccc6)c6ccccc6)c5)ccc3-4)c2)c2ccccc2)cc1,1
C(#Cc1ccc(-c2ccc(C#Cc3ccc(C(=C(c4ccccc4)c4ccccc4)c4ccccc4)cc3)cc2)cc1)c1ccc(C(=C(c2ccccc2)c2ccccc2)c2ccccc2)cc1,1
Brc1ccc2c(-c3ccccc3)c3cc(Br)ccc3c(-c3ccccc3)c2c1,1
c1ccc(/C(=C(/c2ccccc2)c2ccc(N3c4ccccc4Sc4ccccc43)cc2)c2ccc(N3c4ccccc4Sc4ccccc43)cc2)cc1,1
N#C/C(=C(/C#N)c1ccc(-c2ccccc2)cc1)c1ccc(-c2ccccc2)cc1,1
Cc1ccc(-c2nc(-c3ccccc3)c(-c3ccccc3)cc2-c2ccccc2)cc1,1
C[n+]1c2ccccc2c(/C=C/c2ccc(N(c3ccccc3)c3ccccc3)cc2)c2ccccc21.O=S(=O)([O-])C(F)(F)F,1
CCC1=[N+]2C(=C(c3ccc(C=O)cc3)c3ccc(CC)n3[B-]2(F)F)C=C1,1
CCCCN1c2ccccc2Sc2cc(/C=C/C3=CC(=C(C#N)C#N)CC(C)(C)C3)ccc21,1
N#Cc1c(-n2c3ccccc3c3c(OCCCCCCOc4ccc(-n5c6ccccc6c6ccccc65)cc4)cccc32)c(-n2c3ccccc3c3c(OCCCCCCOc4ccc(-n5c6ccccc6c6ccccc65)cc4)cccc32)c(-n2c3ccccc3c3c(OCCCCCCOc4ccc(-n5c6ccccc6c6ccccc65)cc4)cccc32)c(-n2c3ccccc3c3c(OCCCCCCOc4ccc(-n5c6ccccc6c6ccccc65)cc4)cccc32)c1-n1c2ccccc2c2c(OCCCCCCOc3ccc(-n4c5ccccc5c5ccccc54)cc3)cccc21,1
c1ccc(C(=C(c2ccccc2)c2ccc(N(c3ccccc3)c3ccccc3)cc2)c2ccccc2)cc1,1
CCn1c2cc(/C=C/c3cc[n+](CCC[N+](C)(C)C)c4ccccc34)ccc2c2ccc(N(c3ccccc3)c3ccccc3)cc21.[Br-].[Br-],1
COc1ccc(N(c2ccc(OC)cc2)c2ccc(-c3ccc(C=O)s3)cc2)cc1,1
c1ccc(C(=C(c2ccc(-c3nn[nH]n3)cc2)c2ccc(-c3nn[nH]n3)cc2)c2ccccc2)cc1,1
COc1ccc(-c2ccc(/C=C3\N=C(C)OC3=O)cc2)cc1,1
CCCN1c2ccccc2Sc2cc(C=C(C#N)C#N)ccc21,1
CCCCCCc1cc(-c2ccc(N(c3ccccc3)c3ccccc3)cc2)sc1-c1c2c(c(-c3sc(-c4ccc(N(c5ccccc5)c5ccccc5)cc4)cc3CCCCCC)c3c1N=S=N3)N=S=N2,1
C(=C(\c1ccccc1)c1ccc(-n2c3ccccc3c3ccccc32)cc1)\c1ccc(-n2c3ccccc3c3ccccc32)cc1,1
CC1(C)c2ccccc2N(c2ccc3c(c2)c2cc(N4c5ccccc5C(C)(C)c5ccccc54)ccc2c2nc4cc(C(=O)c5ccccc5)ccc4nc32)c2ccccc21,1
C[n+]1ccc(/C=C/c2ccc(C(=C(c3ccc(/C=C/c4cc[n+](C)cc4)cc3)c3ccc(/C=C/c4cc[n+](C)cc4)cc3)c3ccccc3)cc2)cc1.I.[I-].[I-],1
Cc1ccc(-c2ccc(-c3ccc(C)cc3)c(/C(=C(/c3ccccc3)c3cc(-c4ccc(C)cc4)ccc3-c3ccc(C)cc3)c3ccccc3)c2)cc1,1
CCCCCCCCN1c2ccc(-c3ccc(-c4ccc(N(c5ccccc5)c5ccccc5)cc4)c4nsnc34)cc2Sc2cc(-c3ccc(-c4ccc(N(c5ccccc5)c5ccccc5)cc4)c4nsnc34)ccc21,1
CCN(CC)c1ccc(C(=C(c2ccc(F)cc2)c2ccc(F)cc2)c2ccc(N(CC)CC)cc2)cc1,1
O=S(=O)([O-])CCCOc1ccc(C(=C(c2ccccc2)c2ccc(OCCCS(=O)(=O)[O-])cc2)c2ccccc2)cc1.[Na+].[Na+],1
O=C(Oc1c(I)cc(I)cc1I)c1ccc(C(=C(c2ccccc2)c2ccccc2)c2ccccc2)cc1,1
CCN(CC)c1ccc2c(c1)Oc1cc(N(CC)CC)ccc1C21c2ccc(-c3ccc(C(=C(c4ccccc4)c4ccccc4)c4ccccc4)cc3)cc2C(=O)N1NC(=S)Nc1ccccc1,1
O=C1C(=Cc2ccc3c(c2)Sc2ccccc2N3c2ccccc2)C(=O)c2ccccc21,1
CCCCCC[n+]1ccc(/C=C/c2c[nH]c3ccccc23)cc1,1
C(=C/c1c2ccccc2cc2ccccc12)\c1ccccc1/C=C/c1c2ccccc2cc2ccccc12,1
c1ccc(C(=C(c2ccccc2)c2ccc(N(c3ccccc3)c3ccc(N(c4ccccc4)c4ccc(C(=C(c5ccccc5)c5ccccc5)c5ccccc5)cc4)c4nsnc34)cc2)c2ccccc2)cc1,1
c1ccc(C(=C(c2ccccc2)c2ccc(-c3cc4cccc5ccc6cccc3c6c54)cc2)c2ccccc2)cc1,1
N#CC(C#N)=C1C(=C2C=C(/C=C/c3ccc(N(c4ccccc4)c4ccccc4)cc3)OC(/C=C/c3ccc(N(c4ccccc4)c4ccccc4)cc3)=C2)C(=C(C#N)C#N)c2ccccc21,1
c1ccc(/C(=C(\c2ccccc2)c2ccccc2-c2ccc(-c3ccccc3)cc2)c2ccccc2-c2ccc(-c3ccccc3)cc2)cc1,1
CC(O)CC1CC(C)OC(c2cccc(C(=C(c3ccccc3)c3ccccc3)c3ccccc3)c2)O1,1
CN(C)c1ccc(/C=C/C(=O)c2ccccc2O)cc1,1
c1ccc(C(=C(c2ccccc2)c2ccc(-c3ccc(C(=C(c4ccc(-c5ccc(C(=C(c6ccccc6)c6ccccc6)c6ccccc6)cc5)cc4)c4ccc(-c5ccc(C(=C(c6ccccc6)c6ccccc6)c6ccccc6)cc5)cc4)c4ccc(-c5ccc(C(=C(c6ccccc6)c6ccccc6)c6ccccc6)cc5)cc4)cc3)cc2)c2ccccc2)cc1,1
CCCCCCC1(CCCCCC)c2cc3c(cc2-c2sc(-c4sc(/C=C5\C(=O)c6ccccc6C5=C(C#N)C#N)cc4-c4ccc(C(=C(c5ccccc5)c5ccccc5)c5ccccc5)cc4)cc21)C(CCCCCC)(CCCCCC)c1cc(-c2sc(/C=C4\C(=O)c5ccccc5C4=C(C#N)C#N)cc2-c2ccc(C(=C(c4ccccc4)c4ccccc4)c4ccccc4)cc2)sc1-3,1
O=C1c2cc(-c3ccc(N(c4ccccc4)c4ccccc4)cc3)ccc2-c2ccc(-c3ccc(N(c4ccccc4)c4ccccc4)cc3)cc21,1
N#CC(C#N)=C(c1ccccc1)c1ccc(C(=C(c2ccc(OCCCn3cc(C4OC(CO)C(O)C(O)C4O)nn3)cc2)c2ccc(OCCCn3cc(C4OC(CO)C(O)C(O)C4O)nn3)cc2)c2ccccc2)cc1,1
c1ccc(CN(Cc2ccccn2)Cc2c3ccccc3cc3ccccc23)nc1,1
CN(C)c1ccc(/C=C/C=C(\C#N)c2cc(C(F)(F)F)cc(C(F)(F)F)c2)cc1,1
C=Cc1ccc(B2Nc3cccc4cccc(c34)N2)cc1,1
c1ccc(C(c2ccccc2)c2ccccc2)cc1,1
N#CC(C#N)=C1/C(=C/c2ccc(N(c3ccccc3)c3ccccc3)cc2)Cc2ccccc21,1
COC(=O)c1ccccc1C1=C2C=CC=[N+]2[B-](F)(F)n2cccc21,1
COc1ccc(O)c(-c2nc3ccccc3s2)c1,1
CCN(CC)c1ccc(C(=C(c2ccccc2)c2ccc(-c3cc4ccc5cc(-c6ccc(C(=C(c7ccccc7)c7ccccc7)c7ccccc7)cc6)cc6ccc(c3)c4c56)cc2)c2ccc(N(CC)CC)cc2)cc1,1
C[n+]1ccc(/C=C/c2ccc(-c3ccc(-c4ccc(N(c5ccccc5)c5ccccc5)cc4)c4nsnc34)cc2)cc1.[I-],1
O=C1c2cc(-c3ccccc3)ccc2-c2ccc(-c3ccccc3)cc21,1
CC1=CC(C)=[N+]2C1=C(c1ccccc1)c1c(C)c(C=C(c3nc4ccccc4s3)c3nc4ccccc4s3)c(C)n1[B-]2(F)F,1
C[n+]1ccc(/C=C/c2ccc(/C(=C(\c3ccccc3)c3ccc(/C=C/c4cc[n+](C)cc4)cc3)c3ccccc3)cc2)cc1.FP(F)(F)(F)F.FP(F)(F)(F)F.[F-].[F-],1
C[Si]1(c2ccccc2)C(c2ccc3sccc3c2)=C(c2ccccc2)C(c2ccccc2)=C1c1ccc2sccc2c1,1
CCN(CC)c1ccc(C(=C(c2ccccc2)c2ccc(-c3ccc4ccc5cccc6ccc3c4c56)cc2)c2ccc(N(CC)CC)cc2)cc1,1
COc1ccc(-c2nc(-c3ccc(OC)cc3)c(-c3ccccc3)nc2-c2ccccc2)cc1,1
C[n+]1ccc(/C=C/c2ccc(N(c3ccccc3)c3ccccc3)cc2)cc1.[I-],1
CCCCN1c2ccccc2Sc2cc(C=C(C(=O)O)C(=O)O)ccc21,1
CC(C)c1cccc(C(C)C)c1C1=C(c2ccccc2)C(c2ccccc2)=C(c2c(C(C)C)cccc2C(C)C)[Si]1(c1ccccc1)c1ccccc1,1
C[N+](C)(C)c1ccc2c3n4c(c2c1)N=c1c2ccc([N+](C)(C)C)cc2c2n1[Co]41n4c(c5cc([N+](C)(C)C)ccc5c4N=2)N=c2c4ccc([N+](C)(C)C)cc4c(n21)=N3,1
OCc1ccccc1C1=C2C=CC=[N+]2[B-](F)(F)n2cccc21,1
N#C/C(=C(/C#N)c1ccc(N(c2ccccc2)c2ccc(C(=C(c3ccccc3)c3ccccc3)c3ccccc3)cc2)cc1)c1ccc(N(c2ccccc2)c2ccc(C(=C(c3ccccc3)c3ccccc3)c3ccccc3)cc2)cc1,1
c1ccc(N(c2ccccc2)c2ccc(-c3c4ccccc4c(-c4ccc5ccc6cccc7ccc4c5c67)c4nsnc34)cc2)cc1,1
COc1ccc(C(=C(c2ccccc2)c2ccccc2)c2ccccc2)cc1C1=C2C(C)=CC(C)=[N+]2[B-]2(Oc3ccc4ccccc4c3-c3c(ccc4ccccc34)O2)n2c(C)cc(C)c21,1
CN(C)c1ccc(-c2ccc3sc4ccc(-c5ccc(N(C)C)cc5)cc4c(=O)c3c2)cc1,1
COc1ccc2c(c[n+](C)c3c4cc5c(cc4ccc23)OCO5)c1OC.[Cl-],1
CCCCCCCCCCCCOc1ccc(C(=O)N/N=C/c2cc(C(=O)c3ccc(O)c(/C=N/NC(=O)c4ccc(OCCCCCCCCCCCC)cc4)c3)ccc2O)cc1,1
C[Si]1(C)C(c2cc3ccccc3s2)=C(c2ccccc2)C(c2ccccc2)=C1c1cc2ccccc2s1,1
CC1(C)C(/C=C/c2ccc(-c3ccc(N(c4ccccc4)c4ccccc4)cc3)s2)=[N+](CCCS(=O)(=O)[O-])c2ccc3ccccc3c21,1
CC[n+]1c(/C=C/c2ccc(-c3ccc(-c4ccc(N(c5ccc(OC)cc5)c5ccc(OC)cc5)cc4)s3)s2)sc2ccccc21.FP(F)(F)(F)F.[F-],1
Oc1ccccc1/N=N/C=C(c1ccc(OCCCCCCN2CCOCC2)cc1)c1ccc(OCCCCCCN2CCOCC2)cc1,1
CC(C)c1ccc2c(-c3cccc(N4c5ccccc5C5C=CC=CC54)c3)c3cc(C(C)C)ccc3c(-c3ccc(C#N)cc3)c2c1,1
CCCN1c2ccccc2Sc2cc(/C=C(\C#N)c3nc4ccccc4s3)ccc21,1
O=C(Oc1ccc(C#C[Si]2(c3ccccc3)C(c3ccccc3)=C(c3ccccc3)C(c3ccccc3)=C2c2ccccc2)cc1)c1c2ccccc2cc2ccccc12,1
CCCCCCCOc1cc([N+]#C[Au]c2c(F)c(F)c(F)c(F)c2F)c(OCCCCCCC)cc1[N+]#C[Au]c1c(F)c(F)c(F)c(F)c1F,1
N#Cc1c(-n2c3ccccc3c3c(OCCCCCCOc4ccc(-n5c6ccccc6c6ccccc65)cc4)cccc32)c(-n2c3ccccc3c3ccccc32)c(-n2c3ccccc3c3c(OCCCCCCOc4ccc(-n5c6ccccc6c6ccccc65)cc4)cccc32)c(-n2c3ccccc3c3ccccc32)c1-n1c2ccccc2c2c(OCCCCCCOc3ccc(-n4c5ccccc5c5ccccc54)cc3)cccc21,1
Clc1ccccc1-c1c2ccccc2c(-c2ccccc2)c2ccccc12,1
N#CC(C#N)=C1C(=Cc2ccc(N(c3ccccc3)c3ccccc3)cc2)C(=C(C#N)C#N)c2ccccc21,1
c1ccc(C(=C(c2ccccc2)c2ccc(N3c4ccccc4Sc4ccccc43)cc2)c2ccccc2)cc1,1
CCN(CC)Cc1ccc([Si]2(c3ccc(CN(CC)CC)cc3)C(c3ccccc3)=C(c3ccccc3)C(c3ccccc3)=C2c2ccccc2)cc1,1
CC[Si](C#CC1=C(c2ccccc2)C(c2ccccc2)=C(C#C[Si](CC)(CC)CC)[Si]1(C)c1ccccc1)(CC)CC,1
N#C/C(=C\c1ccc2ccccc2c1)c1ccc(/C(C#N)=C/c2ccc3ccccc3c2)cc1,1
O=C1c2cccnc2-c2ncc(-c3ccc(N(c4ccccc4)c4ccccc4)cc3)cc21,1
Cc1cc(-c2ccc(N(c3ccccc3)c3ccccc3)cc2)c2c3ccc(N(c4ccccc4)c4ccccc4)cc3c(-c3ccc(N(c4ccccc4)c4ccccc4)cc3)c(-c3ccc(N(c4ccccc4)c4ccccc4)cc3)[n+]2c1,1
[N-]=[N+]=NCCCOc1ccc(/C(=C(\c2ccccc2)c2ccc(C(=O)c3ccccc3)cc2)c2ccc(OCCCS(=O)(=O)O)cc2)cc1,1
N#CC(C#N)=Cc1ccc(-c2ccc(N(c3ccccc3)c3ccccc3)cc2)s1,1
c1ccc(/C(=C(/c2ccccc2)c2ccc(-c3ccc4c(c3)C(c3ccccc3)(c3ccccc3)c3ccccc3-4)cc2)c2ccc(-c3ccc4c(c3)C(c3ccccc3)(c3ccccc3)c3ccccc3-4)cc2)cc1,1
CCN(CC)c1ccc(C(=C(c2ccccc2)c2ccccc2)c2ccc(N(CC)CC)cc2)cc1,1
CCn1cc(/C=C/c2cc[n+](CC)cc2)c2ccccc21,1
C[Si](C1=C(c2ccccc2)C(c2ccccc2)=C([Si](C)(c2ccccc2)c2ccccc2)[Si]1(c1ccccc1)c1ccccc1)(c1ccccc1)c1ccccc1,1
C(=N/N=C/c1ccc(C(=C(c2ccccc2)c2ccccc2)c2ccccc2)cc1)\c1ccc(C(=C(c2ccccc2)c2ccccc2)c2ccccc2)cc1,1
O=C(NN=Cc1ccc(C=NNC(=O)c2ccccc2)cc1)c1ccccc1,1
N#C/C(=C\c1ccc(-c2ccc(N(c3ccccc3)c3ccc(-c4ccc(C(=C(c5ccccc5)c5ccccc5)c5ccccc5)cc4)cc3)cc2)s1)c1cc[n+]([Au]c2c(F)c(F)c(F)c(F)c2F)cc1,1
N#Cc1nc(-c2ccc(-c3ccc(N(c4ccccc4)c4ccccc4)cc3)cc2)c(-c2ccc(-c3ccc(N(c4ccccc4)c4ccccc4)cc3)cc2)nc1C#N,1
CCCCCCCCCCCCOC(=O)c1ccc(-n2c(-c3ccccc3)cc3c2cc(-c2ccccc2)n3-c2ccc(C(=O)OCCCCCCCCCCCC)cc2)cc1,1
O=C(O)c1ccc(/C(=C(\c2ccccc2)c2ccc(C(=O)O)cc2)c2ccccc2)cc1,1
O=C(O)c1ccc(-n2c(-c3ccc(C(=C(c4ccccc4)c4ccccc4)c4ccccc4)cc3)nc3c4ccccc4c4ccccc4c32)cc1,1
c1ccc(/C(=C(/c2ccccc2)c2ccc3ccccc3c2)c2ccc3ccccc3c2)cc1,1
c1ccc(-c2nc(-c3ccc(-c4ccc[se]4)cc3)c(-c3ccccc3)nc2-c2ccc(-c3cccs3)cc2)cc1,1
NCCC[n+]1ccc(/C=C/c2ccc(-c3ccc(N(c4ccccc4)c4ccccc4)cc3)s2)cc1.[Br-],1
Oc1c(-n2c3ccccc3c3ccccc32)c(-n2c3ccccc3c3ccccc32)c(O)c(-n2c3ccccc3c3ccccc32)c1-n1c2ccccc2c2ccccc21,1
c1ccc(N(c2cccc3ccccc23)c2ccc(-n3c4ccccc4c4ccccc43)c3nsnc23)cc1,1
CC[N+](CC)(CC)Cc1ccc(-c2ccc(C3=C(c4ccccc4)C(c4ccccc4)=C(c4ccc(-c5ccc(C[N+](CC)(CC)CC)cc5)s4)[Si]3(C)C)s2)cc1.[Br-].[Br-],1
C(=C/c1c2ccccc2c(/C=C/c2ccc(N(c3ccccc3)c3ccccc3)cc2)c2ccccc12)\c1ccc(N(c2ccccc2)c2ccccc2)cc1,1
N#CC(C#N)=Cc1ccc(C(=C(c2ccccc2)c2ccccc2)c2ccccc2)cc1,1
CC1(C)c2cc(-n3c4ccccc4c4ccccc43)ccc2-c2ccc(-n3c4ccccc4c4cc(C(=O)c5ccc(N6c7ccccc7Oc7ccccc76)cc5)ccc43)cc21,1
O=C1c2cccnc2-c2ccc(N(c3ccccc3)c3ccccc3)c3cccc1c23,1
c1ccc(C(=C(c2ccccc2)c2ccc(-c3nn[nH]n3)cc2)c2ccccc2)cc1,1
CCCCCCc1cc(-c2c3nsnc3c(-c3cc(CCCCCC)c(-c4ccc(N(c5ccccc5)c5ccccc5)cc4)s3)c3nc(-c4ccccc4)c(-c4ccccc4)nc23)sc1-c1ccc(N(c2ccccc2)c2ccccc2)cc1,1
O=C(c1ccccc1)c1ccc2nc3c4ccc(N5c6ccccc6C6(c7ccccc7Oc7ccccc76)c6ccccc65)cc4c4cc(N5c6ccccc6C6(c7ccccc7Oc7ccccc76)c6ccccc65)ccc4c3nc2c1,1
CCC[n+]1cc2ccc(-c3ccc(N(c4ccccc4)c4ccccc4)cc3)cc2c(-c2ccccc2)c1-c1ccccc1.F[B-](F)(F)F,1
c1ccc(N(c2ccccc2)c2ccc(-c3c4ccccc4c(-c4ccc5ccccc5c4)c4nsnc34)cc2)cc1,1
COc1ccc(-c2ccccc2/C(=C(/c2ccccc2)c2ccccc2-c2ccc(OC)cc2)c2ccccc2)cc1,1
Nc1ccc2c3n4c(c2c1)N=c1c2ccc(N)cc2c2n1[Co]41n4c(c5cc(N)ccc5c4N=2)N=c2c4ccc(N)cc4c(n21)=N3,1
C[Si]1(C)C(c2ccc(-c3nc4ccccc4n3-c3ccccc3)cc2)=C(c2ccccc2)C(c2ccccc2)=C1c1ccc(-c2nc3ccccc3n2-c2ccccc2)cc1,1
CCN(CC)c1ccc(C(=N/N=C/c2ccccc2O)c2ccc(N(CC)CC)cc2)cc1,1
c1ccc(-c2ccc(-c3cc(-c4ccc(-c5ccccc5)cc4)c(-c4ccccc4)cc3-c3ccccc3)cc2)cc1,1
Cc1cc(-c2ccccc2)c2c3ccccc3c(-c3ccccc3)c(-c3ccccc3)[n+]2c1.FB(F)F.[F-],1
CCCCCCn1cc(/C=C/c2cc[n+](CC)cc2)c2ccccc21.F[P-](F)(F)(F)(F)F,1
c1ccc(C(=C(c2ccccc2)c2ccc(-c3nc4c(-c5ccc(C(=C(c6ccccc6)c6ccccc6)c6ccccc6)cc5)sc(-c5ccc(C(=C(c6ccccc6)c6ccccc6)c6ccccc6)cc5)c4nc3-c3ccc(C(=C(c4ccccc4)c4ccccc4)c4ccccc4)cc3)cc2)c2ccccc2)cc1,1
c1ccc(C(=C(c2ccccc2)c2cc(-c3ccccc3)ccc2-c2ccccc2)c2cc(-c3ccccc3)ccc2-c2ccccc2)cc1,1
C(=C(c1ccccc1)c1ccccc1)c1ccccc1,1
CCCCCCCCCCCc1c(-c2c3c(c(-c4sc5cc(-c6ccc(N(c7ccccc7)c7ccccc7)cc6)sc5c4CCCCCCCCCCC)c4nsnc24)N=S=N3)sc2cc(-c3ccc(N(c4ccccc4)c4ccccc4)cc3)sc12,1
c1ccc(/C(=C(\c2ccccc2)c2cc(-c3ccc(-c4ccccc4)cc3)ccc2-c2ccccc2)c2cc(-c3ccc(-c4ccccc4)cc3)ccc2-c2ccccc2)cc1,1
CCCCCCCn1c2ccccc2c2cc(C3(c4ccc5c(c4)c4ccccc4n5CCCCCCC)c4cc(-c5ccc(C(=C(c6ccccc6)c6ccccc6)c6ccccc6)cc5)ccc4-c4ccc(-c5ccc(C(=C(c6ccccc6)c6ccccc6)c6ccccc6)cc5)cc43)ccc21,1
COc1ccc(C2=C3C=CC=[N+]3[B-](F)(F)n3cccc32)cc1,1
C(=C/c1ccc(-c2ccccc2)cc1)\C(=C(\C=C\c1ccc(-c2ccccc2)cc1)c1ccccc1)c1ccccc1,1
CCCCN(CCCC)c1ccc(C=C2C(=O)c3ccccc3C2=O)cc1,1
CCCCC(CC)c1cc(=O)[nH]c(NC(=O)Nc2ccc(C(=C(c3ccccc3)c3ccc(NC(=O)Nc4nc(=O)cc(C(CC)CCCC)[nH]4)cc3)c3ccccc3)cc2)n1,1
CCCCN1c2ccccc2Sc2cc(C=C(c3nc4ccccc4s3)c3nc4ccccc4s3)ccc21,1
C[C@H](NC1=C2C=CC=[N+]2[B-](F)(F)n2cccc21)c1ccccc1,1
C(#Cc1cc[n+](Cc2ccccc2)cc1)c1ccc(/C(=C(\c2ccccc2)c2ccc(C#Cc3cc[n+](Cc4ccccc4)cc3)cc2)c2ccccc2)cc1,1
c1cc(-c2nn[nH]n2)ccc1C(=C(c1ccc(-c2nn[nH]n2)cc1)c1ccc(-c2nn[nH]n2)cc1)c1ccc(-c2nn[nH]n2)cc1,1
F[B-]1(F)n2cccc2C(c2ccc(-c3ccc(-c4ccccc4)cc3)cc2)=C2C=CC=[N+]21,1
COc1ccc(-c2oc(-c3ccccc3)[n+](-c3ccccc3)c2-c2ccc(OC)cc2)cc1,1
COc1ccc(C(/C=C/c2ccc(N(c3ccccc3)c3ccccc3)cc2)=C(C#N)C#N)cc1,1
CCCCCOC(=O)c1ccc(-n2c(-c3ccccc3)cc3c2cc(-c2ccccc2)n3-c2ccc(C(=O)OCCCCC)cc2)cc1,1
c1ccc(C(=C(c2ccccc2)c2ccc(-c3nccc4ccccc34)cc2)c2ccccc2)cc1,1
C[N+](C)(C)CCCCCCC1(CCCCCC[N+](C)(C)C)c2ccccc2-c2cc(/C(=C(/c3ccccc3)c3ccc4c(c3)-c3ccccc3C4(CCCCCC[N+](C)(C)C)CCCCCC[N+](C)(C)C)c3ccccc3)ccc21.[Br-].[Br-].[Br-].[Br-],1
COC(=O)C1=C(C(=O)OC)C(C(=O)OC)N2C=C(c3ccc(N(c4ccccc4)c4ccccc4)cc3)C=CC2=C1C(=O)OC,1
CCCOC(=O)c1ccc(-n2c(-c3ccccc3)cc3c2cc(-c2ccccc2)n3-c2ccc(C(=O)OCCC)cc2)cc1,1
Cc1ccc(N(c2ccc(C)cc2)c2ccc(-c3c4nsnc4c(-c4ccc(N(c5ccc(C)cc5)c5ccc(C)cc5)s4)c4nc(-c5ccccc5)c(-c5ccccc5)nc34)s2)cc1,1
CCC[n+]1cc2cc(C(=C(c3ccc(OC)cc3)c3ccc(OC)cc3)c3ccc4c(-c5ccccc5)c(-c5ccccc5)[n+](CCC)cc4c3)ccc2c(-c2ccccc2)c1-c1ccccc1,1
CCCOc1ccc(C(=C2c3ccccc3-c3ccccc32)c2ccc(OCCC)cc2)cc1,1
CCCCCCN1C(=O)c2cccc3c(N(c4ccccc4)c4ccc(C(=C(c5ccccc5)c5ccccc5)c5ccccc5)cc4)ccc(c23)C1=O,1
O=c1c(O)c(-c2ccc(-c3ccc(C(=C(c4ccc(-c5ccc(-c6oc7ccccc7c(=O)c6O)cc5)cc4)c4ccc(-c5ccc(-c6oc7ccccc7c(=O)c6O)cc5)cc4)c4ccc(-c5ccc(-c6oc7ccccc7c(=O)c6O)cc5)cc4)cc3)cc2)oc2ccccc12,1
CN(C)c1ccc(/C=C(\C#N)c2ccc(-c3cc[n+](C)cc3)cc2)cc1.F[P-](F)(F)(F)(F)F,1
CSc1ccc(-c2c(-c3cccs3)c(-c3cccs3)c(-c3ccc(SC)cc3)c(-c3cccs3)c2-c2cccs2)cc1,1
CCCCCCCCOc1cc(/C=C(\C#N)c2ccc(-c3cc[n+](CCCS(=O)(=O)[O-])cc3)cc2)ccc1N(CC)CC,1
c1ccc(C(=C(c2ccccc2)c2ccc([Bi](c3ccc(C(=C(c4ccccc4)c4ccccc4)c4ccccc4)cc3)c3ccc(C(=C(c4ccccc4)c4ccccc4)c4ccccc4)cc3)cc2)c2ccccc2)cc1,1
CCC1=[N+]2C(=C(c3cccn3C(=O)OC(C)(C)C)c3ccc(CC)n3[B-]2(F)F)C=C1,1
Fc1c(F)c(F)c([Au]C#[N+]C(c2ccccc2)C([N+]#C[Au]c2c(F)c(F)c(F)c(F)c2F)c2ccccc2)c(F)c1F,1
F[B-]1(F)n2cccc2C(c2ccccc2Br)=C2C=CC=[N+]21,1
c1ccc(/C(=C(\c2ccccc2)c2ccccc2-c2ccccc2)c2ccccc2-c2ccccc2)cc1,1
O=C(c1ccccc1)c1ccc2nc3c4ccc(N5c6ccccc6C(c6ccccc6)(c6ccccc6)c6ccccc65)cc4c4cc(N5c6ccccc6C(c6ccccc6)(c6ccccc6)c6ccccc65)ccc4c3nc2c1,1
COc1ccc(C(=C(c2ccccc2)c2ccc(-c3sc(C=C4C(=O)N(C)C(=O)N(C)C4=O)c4c3OCCO4)cc2)c2ccc(OC)cc2)cc1,1
[Cl-].[NH2+]=c1cc2sc3ccccc3n2cc1C1=NC2C=CC=CC2S1,1
CCCCN1c2ccccc2Sc2cc(/C=C(\C#N)c3nc4ccccc4[nH]3)ccc21,1
C(#Cc1ccc(C(=C(c2ccccc2)c2ccccc2)c2ccccc2)cc1)c1ccc(C(=C(c2ccccc2)c2ccccc2)c2ccccc2)cc1,1
[N-]=[N+]=NCCOc1ccc(C=NN=C2c3ccccc3-c3ccccc32)c(O)c1,1
N#Cc1c(-n2c3ccccc3c3c(OCCCCCCOc4ccc(-n5c6ccccc6c6ccccc65)cc4)cccc32)c(-n2c3ccccc3c3ccccc32)c(-n2c3ccccc3c3c(OCCCCCCOc4ccc(-n5c6ccccc6c6ccccc65)cc4)cccc32)c(-n2c3ccccc3c3c(OCCCCCCOc4ccc(-n5c6ccccc6c6ccccc65)cc4)cccc32)c1-n1c2ccccc2c2c(OCCCCCCOc3ccc(-n4c5ccccc5c5ccccc54)cc3)cccc21,1
N#CC(C#N)=Cc1ccc(N(c2ccccc2)c2ccccc2)cc1,1
C[Si]1(c2ccccc2)C(c2cc3ccccc3s2)=C(c2ccccc2)C(c2ccccc2)=C1c1cc2ccccc2s1,1
c1ccc(-c2nc(-c3ccc(-c4ccco4)cc3)c(-c3ccccc3)nc2-c2ccc(-c3ccco3)cc2)cc1,1
CCn1c2ccc(-c3ccc(C(C#N)=C(c4ccccc4)c4ccccc4)cc3)cc2c2cc(-c3ccc(C(C#N)=C(c4ccccc4)c4ccccc4)cc3)ccc21,1
c1ccc(/C(=C(/c2ccccc2)c2ccc3sc4ccccc4c3c2)c2ccc3c(c2)sc2ccccc23)cc1,1
c1ccc2c(-c3ccc(-c4c5ccccc5cc5ccccc45)c4nccnc34)c3ccccc3cc2c1,1
Cc1nc(C)nc(-c2ccc(N3c4ccccc4Oc4ccccc43)cc2)n1,1
C(=C(c1ccc(-n2c3ccccc3c3ccccc32)cc1)c1ccc(-n2c3ccccc3c3ccccc32)cc1)c1ccc(-n2c3ccccc3c3ccccc32)cc1,1
Oc1ccccc1C=Nc1ccc2ccc3cccc4ccc1c2c34,1
c1ccc(C(=C(c2ccc3ccccc3c2)c2ccc3ccccc3c2)c2ccc3ccccc3c2)cc1,1
COc1ccc(N(c2ccc(OC)cc2)c2ccc(-c3ccc(-c4ccc(C=O)s4)s3)cc2)cc1,1
CCCCCCn1cc(/C=C/c2cc[n+](CC)cc2)c2ccccc21,1
[B]C(=O)n1cccc1C1=C2C=CC(CC)=[N+]2[B-](F)(F)n2c(CC)ccc21,1
c1ccc(-c2nc(-c3ccc(-c4ccc[se]4)cc3)c(-c3ccccc3)nc2-c2ccc(-c3ccc[se]3)cc2)cc1,1
Cn1c(/C=C/C2=[N+](C)c3ccccc3C2(C)C)nc(-c2ccccc2)c1-c1ccccc1,1
COc1ccc(-c2oc(-c3ccc(OC)cc3)[n+](-c3ccccc3)c2-c2ccc(OC)cc2)cc1,1
CCCc1ccc(C#Cc2ccc(C(=C(c3ccc(C#Cc4ccc(CCC)cc4)cc3)c3ccc(C#Cc4ccc(CCC)cc4)cc3)c3ccc(C#Cc4ccc(CCC)cc4)cc3)cc2)cc1,1
O=c1[nH]c(-c2ccccc2O)nc2ccccc12,1
COc1ccc2c(c1)-c1cc(OC)ccc1C2=C(c1ccccc1)c1ccc(-c2ccncc2)cc1,1
O=C([O-])c1cc(OCCOCCOCCOCCOc2ccc(/C(=C(\c3ccccc3)c3ccc(OCCOCCOCCOCCOc4cc(C(=O)[O-])nc(C(=O)[O-])c4)cc3)c3ccccc3)cc2)cc(C(=O)[O-])n1.[K+].[K+].[K+].[K+],1
Cc1cc(=O)oc2c(/C=N/c3ccc(-c4ccc(N(c5ccccc5)c5ccccc5)cc4)cc3)c(O)ccc12,1
c1ccc(C(=C(c2ccccc2)c2cc(-c3ccc(-c4ccccc4)cc3)ccc2-c2ccc(-c3ccccc3)cc2)c2cc(-c3ccc(-c4ccccc4)cc3)ccc2-c2ccc(-c3ccccc3)cc2)cc1,1
N#C/C(=C\c1cc(N(c2ccccc2)c2ccccc2)c(/C=C(\C#N)c2cc(C(F)(F)F)cc(C(F)(F)F)c2)cc1N(c1ccccc1)c1ccccc1)c1cc(C(F)(F)F)cc(C(F)(F)F)c1,1
CCCCN1c2ccccc2Sc2cc(/C=C(\C#N)C(=O)OCC)ccc21,1
c1ccc(C(=C(c2ccccc2)c2ccc(N(c3ccccc3)c3ccc(-c4ccc(-c5ccc(N(c6ccccc6)c6ccc(C(=C(c7ccccc7)c7ccccc7)c7ccccc7)cc6)cc5)c5n[se]nc45)cc3)cc2)c2ccccc2)cc1,1
c1ccc(N(c2ccccc2)c2ccc(-c3c4ccccc4c(-c4cc5ccccc5c5ccccc45)c4nsnc34)cc2)cc1,1
CCCCN(CCCC)c1ccc(C=NC(C#N)C(=N)C#N)cc1,1
COc1ccc(-c2ccc(C=O)cc2)c2ccccc12,1
c1ccc(C(=C(c2ccccc2)c2ccc(OCOc3ccc(C(=C(c4ccccc4)c4ccccc4)c4ccccc4)cc3)cc2)c2ccccc2)cc1,1
CCCCC1(c2ccc(C)cc2)Nc2cc(C)c(C)cc2N=C1c1ccc(C)cc1,1
CCCCOC(=O)c1ccc(-n2c(-c3ccccc3)cc3c2cc(-c2ccccc2)n3-c2ccc(C(=O)OCCCC)cc2)cc1,1
N#CC(=C(c1ccccc1)c1ccccc1)c1ccc(-c2ccc(C=C(c3ccccc3)c3ccccc3)cc2)cc1,1
C(=C(/c1ccccc1)c1ccncc1)\c1ccc(-n2c3ccccc3c3ccccc32)cc1,1
c1ccc(-c2nc3cc(-c4ccc5c6c4ccc4cccc(c46)CC5)c(-c4ccc5c6c4ccc4cccc(c46)CC5)cc3nc2-c2ccccc2)cc1,1
CCn1c2cc(C=C3C(=O)c4ccccc4C3=O)ccc2c2ccc(N(c3ccccc3)c3ccc(C(=C(c4ccccc4)c4ccccc4)c4ccccc4)cc3)cc21,1
CCCCCC1CCC(c2ccc(C#Cc3ccc(OCCCCCCCCCCCCOc4ccc(C(=C(c5ccc(OCCCCCCCCCCCCOc6ccc(C#Cc7ccc(C8CCC(CCCCC)CC8)cc7)cc6)cc5)c5ccc(OCCCCCCCCCCCCOc6ccc(C#Cc7ccc(C8CCC(CCCCC)CC8)cc7)cc6)cc5)c5ccc(OCCCCCCCCCCCCOc6ccc(C#Cc7ccc(C8CCC(CCCCC)CC8)cc7)cc6)cc5)cc4)cc3)cc2)CC1,1
COc1ccc(C(=C(c2ccccc2)c2ccc(C#Cc3cc[n+](CCCCCC[n+]4ccccc4)cc3)cc2)c2ccc(OC)cc2)cc1.[Br-].[Br-],1
O=C(O)c1ccc(C=C(c2nc3ccccc3s2)c2nc3ccccc3s2)cc1,1
CN(C)c1ccc(/C=C2\Cc3ccccc3C2=O)cc1,1
O=C(/C=C/c1ccc(N(c2ccccc2)c2ccccc2)cc1)c1ccccn1,1
c1ccc(-c2nc(-c3ccccc3)c(-c3ccc(-c4ccc(-c5ccc(-c6nc(-c7ccccc7)c(-c7ccccc7)nc6-c6ccccc6)cc5)c5nsnc45)cc3)nc2-c2ccccc2)cc1,1
C[Si]1(c2ccccc2)C(c2ccc(C3N=c4ccccc4=[N+]3c3ccccc3)cc2)=C(c2ccccc2)C(c2ccccc2)=C1c1ccc(C2N=c3ccccc3=[N+]2c2ccccc2)cc1,1
COc1cc(C=CC2=CC(C=Cc3ccc(O)c(OC)c3)=[NH+][B-](F)(F)O2)ccc1O,1
CCCCn1cc(/C=C/c2cc[n+](CC)cc2)c2ccccc21,1
N#Cc1ccc(-c2cc(-c3ccccc3)c(-c3ccc(-c4ccc(-n5c6ccccc6c6ccccc65)cc4)cc3)cc2-c2ccccc2)cc1,1
c1ccc(-c2ccccc2-c2ccccc2-c2ccncc2)c(-c2ccncc2)c1,1
Cn1c(C=C(c2ccccc2)c2ccccc2)nc(-c2ccccc2)c1-c1ccccc1,1
CCCCCCCCC(CCCCCC)Cc1cc(-c2ccc(N(c3ccccc3)c3ccccc3)cc2)sc1-c1c2c(c(-c3sc(-c4ccc(N(c5ccccc5)c5ccccc5)cc4)cc3CC(CCCCCC)CCCCCCCC)c3nsnc13)N=S=N2,1
CCC[n+]1cc2ccc(-c3ccc(OC)c4ccccc34)cc2c(-c2ccccc2)c1-c1ccccc1.F[B-](F)(F)F,1
COc1ccc(N(c2ccc(OC)cc2)c2ccc(-c3ccc4c(c3)C(=C(C#N)C#N)c3cc(-c5ccc(N(c6ccc(OC)cc6)c6ccc(OC)cc6)cc5)ccc3-4)cc2)cc1,1
CN(C)c1ccc(-c2ccc(/C=C/C3=CC(=C(C#N)C#N)c4ccccc4N3CCCS(=O)(=O)[O-])s2)cc1,1
c1ccc(N(c2ccc(-c3c4c(c(-c5ccc(N(c6ccccc6)c6cccc7ccccc67)cc5)c5nsnc35)N=S=N4)cc2)c2cccc3ccccc23)cc1,1
COC(=O)C1=C(C(=O)OC)C(C(=O)OC)N2C(=C1C(=O)OC)Sc1ccccc12,1
CCC[n+]1cc2ccc(N(c3ccccc3)c3ccccc3)cc2c(C)c1-c1ccccc1.F[B-](F)(F)F,1
COc1ccc(C=C(c2nc3ccccc3s2)c2nc3ccccc3s2)cc1,1
COc1ccc(C(=C(c2ccccc2)c2ccc(C(=C(C#N)C#N)c3cc[n+](Cc4ccc(B(O)O)cc4)cc3)cc2)c2ccc(OC)cc2)cc1.[Br-],1
CCCCCCCCCCCc1c(-c2c3c(c(-c4sc5cc(-c6ccc(N(c7ccccc7)c7ccccc7)cc6)sc5c4CCCCCCCCCCC)c4c2N=S=N4)N=S=N3)sc2cc(-c3ccc(N(c4ccccc4)c4ccccc4)cc3)sc12,1
N#CC(C#N)=C(/C=C/c1ccc(N(c2ccccc2)c2ccccc2)cc1)c1ccc(O)cc1,1
c1ccc(C(=C(c2ccccc2)c2ccc(-c3ccc(-c4ccc(N(c5ccccc5)c5ccccc5)cc4)s3)cc2)c2ccccc2)cc1,1
c1ccc(-c2ccc(-c3cc(-c4ccccc4)c(-c4ccccc4)cc3-c3ccccc3)cc2)cc1,1
c1cc2cc(c1)Oc1cncc(n1)Oc1cccc(c1)Oc1cncc(n1)O2,1
C[n+]1ccc(/C=C/c2ccc(C(=C(c3ccc(/C=C/c4cc[n+](C)cc4)cc3)c3ccc(/C=C/c4cc[n+](C)cc4)cc3)c3ccc(/C=C/c4cc[n+](C)cc4)cc3)cc2)cc1.[I-].[I-].[I-].[I-],1
c1ccc(/C(=C(/c2ccccc2)c2cc(-c3ccc(-c4ccccc4)cc3)ccc2-c2ccc(-c3ccccc3)cc2)c2cc(-c3ccc(-c4ccccc4)cc3)ccc2-c2ccc(-c3ccccc3)cc2)cc1,1
Cc1ccc(C2=C3C=CC=[N+]3[B-](F)(F)n3cccc32)cc1,1
CC12Sc3ccccc3C1=c1c(c3nsnc3c3nsnc13)=C1c3ccccc3SC12C,1
CCCOc1ccc(C(=C(c2ccc(OCCC)cc2)c2ccc(OCCC)cc2)c2ccc(OCCC)cc2)cc1,1
c1ccc(C(=C2c3ccccc3-c3ccccc32)c2ccc(-c3ccccc3)cc2)cc1,1
CCCN1c2ccccc2Sc2cc(/C=C/C3=CC(=C(C#N)C#N)CC(C)(C)C3)ccc21,1
CC1=N/C(=C\c2ccc(-c3ccc(C(=C(c4ccccc4)c4ccccc4)c4ccccc4)cc3)cc2)C(=O)O1,1
CCC1=[N+]2C(=C(c3ccc(-c4ccc(N(c5ccccc5)c5ccccc5)cc4)cc3)c3ccc(CC)n3[B-]2(F)F)C=C1,1
CN(C)CCN(C)c1nc(-c2ccc(N(c3ccccc3)c3ccccc3)cc2)c2c(c1C#N)-c1ccccc1C2=O,1
O=Cc1ccc(-c2ccc(C(=C(c3ccccc3)c3ccccc3)c3ccccc3)cc2)cc1,1
F[B-]1(F)Oc2cc(N(c3ccccc3)c3ccccc3)ccc2C=[N+]1c1ccccc1,1
C[Si](C)(C1=C(c2ccccc2)C(c2ccccc2)=C([Si](C)(C)c2ccccc2)[Si]1(c1ccccc1)c1ccccc1)c1ccccc1,1
c1ccc(C(=C(c2cccc(-c3ccccc3N(c3ccccc3)c3ccccc3)c2)c2cccc(-c3ccccc3N(c3ccccc3)c3ccccc3)c2)c2ccccc2)cc1,1
c1cc2/c(s1)=c1/scc/c1=c1\ccs\c1=c1/scc/c1=2,1
COc1ccc(C(=C(c2ccccc2)c2ccc(-c3ccc(C=O)cc3)cc2)c2ccc(OC)cc2)cc1,1
O=Cc1ccc(C2=C3C=CC=[N+]3[B-](F)(F)n3cccc32)cc1,1
CCC(CC)Cn1nc2c(-c3ccc(N(c4ccccc4)c4ccc(/C(=C(\c5ccccc5)c5cc[n+](C)cc5)c5ccccc5)cc4)cc3)c3c(c(-c4ccc(N(c5ccccc5)c5ccc(/C(=C(\c6ccccc6)c6cc[n+](C)cc6)c6ccccc6)cc5)cc4)c2n1)N=S=N3.FP(F)(F)(F)F.F[P-](F)(F)(F)(F)F.[F-],1
Cc1ccc(N(c2ccc(C)cc2)c2ccc(-c3ccc(/C=C/c4cc[n+](C)cc4)s3)cc2)cc1.FP(F)(F)(F)F.[F-],1
CC1=N/C(=C\c2ccc(-c3ccc(N(c4ccccc4)c4ccccc4)cc3)cc2)C(=O)O1,1
C=CCCOc1ccc(C(=C(c2ccc(OCCC=C)cc2)c2ccc(OCCC=C)cc2)c2ccc(OCCC=C)cc2)cc1,1
CCCCCOc1ccc(C(=C(c2ccc(-c3ccncc3)cc2)c2ccc(-c3ccncc3)cc2)c2ccc(OCCCCC)cc2)cc1,1
C[n+]1ccc(-c2ccc(C(=C(c3ccccc3)c3ccccc3)c3ccc(-c4cc[n+](C)cc4)cc3)cc2)cc1.F[P-](F)(F)(F)(F)F.F[P-](F)(F)(F)(F)F,1
Cc1cc(C)c(/C=C/c2c(C)cc(C)cc2C)c(C)c1,1
c1ccc(C(=C(c2ccccc2)c2ccc(-c3ccc(-c4ccc(C(=C(c5ccccc5)c5ccccc5)c5ccccc5)cc4)s3)cc2)c2ccccc2)cc1,1
c1ccc(N(c2ccccc2)c2ccc(-c3c4ccccc4c(-c4ccc(N(c5ccccc5)c5ccccc5)cc4)c4nc5c(nc34)c3sccc3c3ccsc35)cc2)cc1,1
C[n+]1ccc(-c2ccc(-c3ccc(N(c4ccccc4)c4ccc(-c5ccc(N)cc5)cc4)cc3)s2)cc1.[I-],1
CCCCC(CC)Cc1cc(-c2ccc(N(c3ccccc3)c3ccccc3)cc2)sc1-c1c2c(c(-c3sc(-c4ccc(N(c5ccccc5)c5ccccc5)cc4)cc3CC(CC)CCCC)c3c1N=S=N3)N=S=N2,1
c1ccc(/C(=C(/c2ccccc2)c2ccc3oc4ccccc4c3c2)c2ccc3c(c2)oc2ccccc23)cc1,1
c1ccc(C(=C(c2ccccc2)c2ccc(-n3c4ccccc4c4ccccc43)cc2)c2ccccc2)cc1,1
Fc1ccc(C2C(c3nc4ccccc4o3)C(c3ccc(F)cc3F)C2c2nc3ccccc3o2)c(F)c1,1
CCCCCCCCC(CCCCCC)CN1C(=O)c2ccc3c4ccc5c6c(cc(-c7ccc(C=C(c8ccc(-c9cc%10c%11c(ccc%12c%13ccc%14c%15c(ccc(c9c%11%12)c%15%13)C(=O)N(CC(CCCCCC)CCCCCCCC)C%14=O)C(=O)N(CC(CCCCCC)CCCCCCCC)C%10=O)cc8)c8ccc(-c9cc%10c%11c(ccc%12c%13ccc%14c%15c(ccc(c9c%11%12)c%15%13)C(=O)N(CC(CCCCCC)CCCCCCCC)C%14=O)C(=O)N(CC(CCCCCC)CCCCCCCC)C%10=O)cc8)cc7)c(c7ccc(c2c37)C1=O)c64)C(=O)N(CC(CCCCCC)CCCCCCCC)C5=O,1
Cc1cn(Cc2ccc(C(=C(c3ccccc3)c3ccccc3)c3ccccc3)cc2)nn1,1
C[n+]1c2ccccc2c(/C=C/c2ccc(-c3ccc(-c4ccc(N(c5ccccc5)c5ccccc5)cc4)s3)s2)c2ccccc21.O=S(=O)([O-])C(F)(F)F,1
COC(=O)[C@]1(C)CCC[C@]2(C)c3cc(Br)c(N=Cc4cc(C(C)(C)C)cc(C(C)(C)C)c4O)cc3CCC12,1
Cc1ccc(-c2ccccc2/C(=C(/c2ccccc2)c2ccccc2-c2ccc(C)cc2)c2ccccc2)cc1,1
CN(C)c1ccc(-c2nc(-c3ccccc3)c(-c3ccccc3)nc2-c2ccc(N(C)C)cc2)cc1,1
F[B-]1(F)n2cccc2C(c2ccc(/C=C/c3ccc(C4=C5C=CC=[N+]5[B-](F)(F)n5cccc54)cc3)cc2)=C2C=CC=[N+]21,1
C[N+]1(C)CCN(c2ccc(/C=C(\C#N)c3ccc(-c4cc[n+](CCCC(=O)On5c(O)ccc5O)cc4)cc3)cc2)CC1.[I-].[I-],1
CC[n+]1ccc(/C(C#N)=C/c2ccc(-c3ccc(N(c4ccccc4)c4ccccc4)cc3)s2)cc1.[Br-],1
CC(C)[Si](C#CC1=C(c2ccccc2)C(c2ccccc2)=C(C#C[Si](C(C)C)(C(C)C)C(C)C)[Si]1(C)c1ccccc1)(C(C)C)C(C)C,1
CCCCc1ccc(C(=O)C#Cc2ccc(/C(=C(\c3ccccc3)c3ccc(C#CC(=O)c4ccc(CCCC)cc4)cc3)c3ccccc3)cc2)cc1,1
CC(C)c1cccc(C(C)C)c1C1=C(c2ccccc2)[Si](c2ccccc2)(c2ccccc2)C(c2ccccc2)=C1c1c(C(C)C)cccc1C(C)C,1
C(#Cc1ccc(/C(=C(\c2ccccc2)c2ccc(-c3c(-c4ccccc4)c(-c4ccccc4)c(-c4ccccc4)c(-c4ccccc4)c3-c3ccc(C(=C(c4ccccc4)c4ccccc4)c4ccccc4)cc3)cc2)c2ccccc2)cc1)c1ccc(C(=C(c2ccccc2)c2ccccc2)c2ccccc2)cc1,1
c1nc2cc3ocnc3cc2o1,0
CCCCCCc1csc(-c2c3c(c(-c4sccc4CCCCCC)c4nsnc24)N=S=N3)c1,0
CN(C)c1ccc(C(=O)c2ccc(N(C)C)cc2)cc1,0
CC1c2ccccc2-c2ccccc21,0
c1cc2nc3ccoc3nc2o1,0
Cc1cc(-c2c(-c3cc(C)sc3C)c3nsnc3c3nsnc23)c(C)s1,0
c1ccc(Nc2ccccc2)cc1,0
C1=Cc2cc3ccc(cc4nc(cc5ccc(cc1n2)[nH]5)C=C4)[nH]3,0
C(=C/c1ccc[se]1)\c1ccc[se]1,0
COc1ccc(C2=Nc3sc4ccccc4[n+]3[B-](F)(F)O2)cc1,0
COc1ccc(-c2cc(C=C(C#N)C#N)c(-c3ccc(OC)cc3)cc2C=C(C#N)C#N)cc1,0
N#CC(C#N)=C(c1ccc(-c2ccccc2)cc1)c1ccc(-c2ccccc2)cc1,0
c1ccc2c(c1)[CH2:2]c1cccnc1[SiH2:2]2,0
c1cocn1,0
COC,0
c1cc2ccc3cccc4ccc(c1)c2c34,0
c1ccc(-c2oc(-c3ccccc3)c(-c3ccccc3)c2-c2ccccc2)cc1,0
Fc1ccc(/C=C/c2nc3ccccc3o2)cc1,0
c1ccc(-c2ccc(N(c3ccccc3)c3ccccc3)cc2)cc1,0
c1ccc(-c2c3ccccc3c3c4ccccc4c4c5ccccc5c(-c5ccccc5)c5c6ccccc6c2c3c54)cc1,0
c1ccncc1,0
c1ccc2c(c1)[nH]c1ccc3[nH]c4ccccc4c3c12,0
F[B-]1(F)n2c(/C=C/c3ccc(C(=C(c4ccccc4)c4ccccc4)c4ccccc4)cc3)ccc2C(c2ccc(C(=C(c3ccccc3)c3ccccc3)c3ccccc3)cc2)=C2C=CC(/C=C/c3ccc(C(=C(c4ccccc4)c4ccccc4)c4ccccc4)cc3)=[N+]21,0
c1ccc2ncncc2c1,0
c1ccc(C2=NN(c3ccccc3)C(c3ccccc3)C2)cc1,0
c1ccc2sccc2c1,0
CC(=O)c1ccccc1,0
CN1C(=O)C=C(NCc2ccccc2)C1=O,0
c1nc2cc3ncoc3nc2o1,0
CC1=CC2=c3c(c4nsnc4c4nsnc34)=C3C=C(C)SC3(C)C2(C)S1,0
Fc1ccc(/C=C/c2nc3ccccc3o2)c(F)c1,0
CCCCCCc1ccsc1-c1c2c(c(-c3sccc3CCCCCC)c3nsnc13)N=S=N2,0
CSC,0
O=Cc1ccc(C=O)cc1,0
c1ccc2[nH]cnc2c1,0
c1nncs1,0
C#C,0
c1ccc2c(c1)[CH2:2]c1ncccc1[SiH2:2]2,0
O=Cc1ccccc1,0
CCCCCCc1cc(-c2cnc(-c3cc(CCCCCC)c(-c4ccc(N(c5ccccc5)c5ccccc5)cc4)s3)c3nsnc23)sc1-c1ccc(N(c2ccccc2)c2ccccc2)cc1,0
O=C1C=CC(=O)c2ccccc21,0
O=C1NC(=O)c2ccccc21,0
c1cnc2cccnc2c1,0
BrCCCCCCC1(CCCCCCBr)c2ccccc2-c2cc(/C=C/c3ccc4c(c3)-c3ccccc3C4(CCCCCCBr)CCCCCCBr)ccc21,0
c1ccc2c(c1)cnc1ccccc12,0
C(=C/c1c2c(c(/C=C/c3ccccc3)c3nsnc13)N=S=N2)\c1ccccc1,0
c1ccc(N(c2ccccc2)c2ccc(-c3ccc(N(c4ccccc4)c4ccccc4)cc3)cc2)cc1,0
O=c1c2ccccc2[nH]c2ccccc12,0
O=C(c1ccccc1)c1ccc(Br)cc1,0
c1nnc[nH]1,0
c1ccc2c(c1)-c1cnccc1[SiH2:2]2,0
c1ccc(-c2nc(-c3ccccc3)c(-c3ccccc3)o2)cc1,0
CN(C)c1ccc(-c2cc(-c3ccc(N)cc3)[s+]c(-c3ccc(N)cc3)c2)cc1,0
c1nc2cc3nc[nH]c3cc2[nH]1,0
c1ccc2c(c1)[nH]c1ccccc12,0
CN(C)c1ccc(C(=C(C#N)C#N)c2ccc(N(C)C)cc2)cc1,0
c1ccc(-c2ccncc2)cc1,0
Nc1ccccc1,0
c1cnc2nccnc2n1,0
c1ncncn1,0
CC1=[N+]2C(=C(c3ccc(C(=C(c4ccccc4)c4ccccc4)c4ccccc4)cc3)c3ccc(/C=C/c4ccc(C(=C(c5ccccc5)c5ccccc5)c5ccccc5)cc4)n3[B-]2(F)F)C=C1,0
CNC1=CC(=O)N(C)C1=O,0
c1cn[nH]c1,0
c1cnc2cnccc2c1,0
c1ccc2c(c1)Nc1ccccc1O2,0
O=C(O[Na])c1ccccc1-c1c2cc(Br)c(=O)c(Br)c-2oc2c(Br)c(O[Na])c(Br)cc12,0
c1csc(-c2c(-c3cccs3)c3sccc3c3ccsc23)c1,0
C(=N/N=C/c1ccccc1)\c1ccccc1,0
COc1ccc(N2C(=O)c3cc4ccccc4cc3C2=O)cc1,0
CC1=[N+]2C(=C(c3ccccc3)c3ccc(/C=C/c4ccc(C(=C(c5ccccc5)c5ccccc5)c5ccccc5)cc4)n3[B-]2(F)F)C=C1,0
c1ccc2cnccc2c1,0
c1ccc2c(c1)[nH]c1cnccc12,0
Cc1cccc(C)c1,0
CCCCCCc1csc(-c2c3c(c(-c4cc(CCCCCC)cs4)c4nsnc24)N=S=N3)c1,0
c1cnc2oc3ncccc3c2c1,0
C1CCCCC1,0
c1ccc(-c2cc3c4c(c2)CCCN4CCC3)cc1,0
c1ccc(-c2ncccn2)cc1,0
c1nc2nc3nc[nH]c3cc2[nH]1,0
c1ccc(Pc2ccccc2)cc1,0
c1cc2cc3occc3cc2o1,0
CN(C)c1ccc(C2=Nc3sc4ccccc4[n+]3[B-](F)(F)O2)cc1,0
N#CC(C#N)=Cc1ccccc1,0
CCCCCCCn1c2ccccc2c2cc(C3(c4ccc5c(c4)c4ccccc4n5CCCCCCC)c4cc(-c5ccc(N(c6ccccc6)c6ccccc6)cc5)ccc4-c4ccc(-c5ccc(N(c6ccccc6)c6ccccc6)cc5)cc43)ccc21,0
CCN(CC)c1ccc(/C=N/C(C#N)=C(C#N)\N=C\c2ccc(N(CC)CC)cc2O)c(O)c1,0
c1cscn1,0
N#Cc1cccc(C#N)c1,0
CC1C=Cc2ccccc21,0
c1cc2[nH]ccc2cn1,0
c1cc2nccnc2cn1,0
c1ccc2c(c1)-c1ccncc1[SiH2:2]2,0
Cc1cccc2c1[nH]c1ccccc12,0
O=C1C=CC(=O)N1,0
F[B-]1(F)n2cccc2C(c2ccc(-c3ccc(C(=C(c4ccccc4)c4ccccc4)c4ccccc4)cc3)cc2)=C2C=CC=[N+]21,0
CCCCCCCn1c2ccccc2c2cc(C3(c4ccc5c(c4)c4ccccc4n5CCCCCCC)c4cc(-c5ccc6ccc7cccc8ccc5c6c78)ccc4-c4ccc(-c5ccc6ccc7cccc8ccc5c6c78)cc43)ccc21,0
COc1cc(N2C(=O)c3cccc4cccc(c34)C2=O)cc(OC)c1OC,0
CCCCCCCn1c2ccccc2c2cc(C3(c4ccc5c(c4)c4ccccc4n5CCCCCCC)c4cc(-c5c6ccccc6cc6ccccc56)ccc4-c4ccc(-c5c6ccccc6cc6ccccc56)cc43)ccc21,0
CCN(CC)c1ccc(/C=N/N=C(c2ccccc2)c2ccccc2)c(O)c1,0
Cc1cc(-c2c(-c3c(C)sc4ccccc34)c3nsnc3c3nsnc23)c(C)s1,0
c1ccc(N(c2ccccc2)c2ccc(-c3cc4c5cc(-c6ccc(N(c7ccccc7)c7ccccc7)cc6)sc5c5nc6cc7ccccc7cc6nc5c4s3)cc2)cc1,0
CCCCCCc1cc(-c2ccccc2)sc1-c1c2c(c(-c3sc(-c4ccccc4)cc3CCCCCC)c3nsnc13)N=S=N2,0
c1cc2[nH]c3ccncc3c2cn1,0
O=C1c2ccccc2-c2ccc(-c3ccccc3)cc21,0
c1ccc2c(c1)[nH]c1ccncc12,0
c1ccc2occc2c1,0
c1cnoc1,0
CS(=O)(=O)c1ccccc1,0
Fc1cc(F)c(F)c(F)c1F,0
c1cc2nc3ccoc3nc2[nH]1,0
CCCCCCc1cc(-c2c3c(c(-c4cc(CCCCCC)c(-c5ccc(N(c6ccccc6)c6ccccc6)cc5)s4)c4nsnc24)N=S=N3)sc1-c1ccc(N(c2ccccc2)c2ccccc2)cc1,0
CN(C)c1ccc(-c2ccc(/C=C/C3=CC(=C(C#N)C#N)c4ccccc4O3)s2)cc1,0
Cn1c2ccccc2c2cc3ccccc3cc21,0
c1ccc(-n2cnc3ccccc32)cc1,0
C[SiH]1c2ccccc2-c2ccccc21,0
C(=C/c1cc2sccc2s1)\c1cc2sccc2s1,0
c1ccc2ccccc2c1,0
N#Cc1cc(C#N)cc(C#N)c1,0
C[N+](C)(C)CCCCCCC1(CCCCCC[N+](C)(C)C)c2ccccc2-c2cc(/C=C\c3ccc4c(c3)-c3ccccc3C4(CCCCCC[N+](C)(C)C)CCCCCC[N+](C)(C)C)ccc21.[Br-].[Br-].[Br-].[Br-],0
c1ccc(N(c2ccccc2)c2ccc(-c3nc4cc5nc(-c6ccc(N(c7ccccc7)c7ccccc7)cc6)c(-c6ccc(N(c7ccccc7)c7ccccc7)cc6)nc5cc4nc3-c3ccc(N(c4ccccc4)c4ccccc4)cc3)cc2)cc1,0
c1ccc2scnc2c1,0
O=[SH](=O)c1ccccc1,0
C=Cc1ccc(B2Nc3ccccc3N2)cc1,0
c1cnc2c(c1)ccc1cccnc12,0
Cc1cccc2c1[nH]c1c(C)cccc12,0
CN1c2ccccc2N(C)c2ccccc21,0
c1ccc2c(c1)CCc1ccccc1N2,0
c1ccc2ncccc2c1,0
c1ccc(-c2ccccn2)nc1,0
O=C1OC(=O)C(c2cccs2)=C1c1cccs1,0
c1ccc2c(c1)Oc1ccccc1C2=C1c2ccccc2Oc2ccccc21,0
c1ccc2c(c1)[SiH2]c1cnccc1[SiH2:2]2,0
c1nc2nc3ncoc3cc2o1,0
c1cc2c3ccoc3c3c4occc4c4ccoc4c3c2o1,0
c1ncsn1,0
c1cnc2c(c1)[CH2:2]c1cccnc1[SiH2:2]2,0
O=S1(=O)c2ccccc2-c2ccccc21,0
c1nc2nc3nc[nH]c3nc2[nH]1,0
O=C1C=CC(=O)C=C1,0
c1cc2cc3ccoc3cc2[nH]1,0
N#Cc1ccccc1,0
C#N,0
c1ccc2c(c1)sc1ccccc12,0
CN(C)c1ccc2ccccc2c1,0
c1ccc2c(c1)c1ccccc1c1[nH]cnc21,0
C(=C/c1cccs1)\c1cccs1,0
CN1c2ccccc2Sc2ccccc21,0
c1ccc2c(c1)c1ccccc1c1nccnc21,0
C[Si]1(c2ccccc2)C(c2ccc3cc4ccccc4cc3c2)=C(c2ccccc2)C(c2ccccc2)=C1c1ccc2cc3ccccc3cc2c1,0
C#Cc1ccc(-n2c3ccccc3c3ccccc32)cc1,0
c1cnc2cnncc2c1,0
c1ccc2c(c1)-c1ncccc1[SiH2:2]2,0
c1ccc2c(c1)oc1ncccc12,0
c1ccc(N(c2ccccc2)c2ccc(B3Nc4ccccc4N3)cc2)cc1,0
c1cc2c(cn1)[SiH2:2]c1cnccc1-2,0
C[N+](C)(C)CCCCCCC1(CCCCCC[N+](C)(C)C)c2ccccc2-c2cc(/C=C/c3ccc4c(c3)-c3ccccc3C4(CCCCCC[N+](C)(C)C)CCCCCC[N+](C)(C)C)ccc21.[Br-].[Br-].[Br-].[Br-],0
c1nc2nc3ocnc3nc2o1,0
c1nc2nc3ncoc3nc2o1,0
c1ccc(-c2cccnc2)cc1,0
CC1=NC2=NC(C)=NC3=NC(C)=NC(=N1)N23,0
c1ccc(-n2c3ccccc3c3ccccc32)cc1,0
Cc1ccccc1,0
Cc1cc(C)cc(C)c1,0
c1ccc2nccnc2c1,0
c1ccc2c(c1)[CH2:2]c1ccccc1[SiH2:2]2,0
FC(F)F,0
c1cnccn1,0
C(=C/C=C/c1ccccc1)\C=C\c1ccccc1,0
c1nnco1,0
c1ccc2c(c1)Oc1ccccc1O2,0
c1ccc(C(=C2c3ccccc3Oc3ccccc32)c2ccccc2)cc1,0
O=c1cc[nH]c2ccccc12,0
CCCCN1C(=O)C=C(NCc2ccccc2)C1=O,0
c1ccc(-c2cnccn2)cc1,0
CN1c2ccccc2Oc2ccccc21,0
c1ccc2c(c1)oc1ccccc12,0
c1cc2c3ccsc3c3c4sccc4c4ccsc4c3c2s1,0
c1ccnnc1,0
CCCCN1c2ccccc2Sc2cc(/C=C/C(=O)c3cccc(O)c3)ccc21,0
c1ccc(-c2ccccn2)cc1,0
c1cnc2ncccc2c1,0
c1cnc2c(c1)[SiH2:2]c1cccnc1-2,0
c1cnc2ccncc2c1,0
c1ccc2c(c1)Nc1ccccc1S2,0
c1cc2c(cn1)-c1cnccc1[SiH2:2]2,0
CCCCC(CC)CN1C(=O)c2c(c3sc4cc(-c5ccc(N(c6ccccc6)c6ccccc6)cc5)sc4c3c3c2sc2cc(-c4ccc(N(c5ccccc5)c5ccccc5)cc4)sc23)C1=O,0
O=C(c1ccccc1)C(F)(F)F,0
Fc1cccc(F)c1F,0
C,0
c1cnc2c(c1)-c1cccnc1[SiH2:2]2,0
c1ccc2c(c1)[SiH2]c1ncccc1[SiH2:2]2,0
c1ccsc1,0
CN(C)c1cccc2ccccc12,0
CCCCN1C(=O)C=C(NC2CCCCC2)C1=O,0
c1ccccc1,0
CCN(CC)c1ccc2c(c1)O[B-](F)(F)[N+](c1ccccc1)=C2,0
FC(F)(F)c1ccccc1,0
c1ccc2c(c1)[nH]c1ncccc12,0
Cn1ccc2ccccc21,0
N#Cc1ccccc1C#N,0
O=C1OC(=O)C(c2c[nH]c3ccccc23)=C1c1c[nH]c2ccccc12,0
F[B-]1(F)n2c(/C=C/c3ccc(C(=C(c4ccccc4)c4ccccc4)c4ccccc4)cc3)ccc2C(c2ccccc2)=C2C=CC(/C=C/c3ccc(C(=C(c4ccccc4)c4ccccc4)c4ccccc4)cc3)=[N+]21,0
O=C1c2ccc3c4c(ccc(c24)C(=O)N1C1CCCCC1)C(=O)N(C1CCCCC1)C3=O,0
O=C(c1ccc(N2CCC2)cc1)c1ccc(N2CCC2)cc1,0
c1c[nH]cn1,0
N#CC(C#N)=C1C=C(/C=C/c2ccc(N(c3ccccc3)c3ccccc3)cc2)OC(/C=C/c2ccc(N(c3ccccc3)c3ccccc3)cc2)=C1,0
c1ccc2c(c1)-c1cccnc1[SiH2:2]2,0
CN(C)c1ccccc1,0
Cn1cnnc1,0
c1cc2c3c(c1)CCCN3CCC2,0
O=C1c2cccc3cccc(c23)C(=O)N1c1ccc(N(c2ccccc2)c2ccccc2)cc1,0
Cn1c2ccccc2c2ccccc21,0
O=S=O,0
c1ccc(N(c2ccccc2)c2ccc(-c3cc(-c4ccc(N(c5ccccc5)c5ccccc5)cc4)cc(-c4ccc(N(c5ccccc5)c5ccccc5)cc4)c3)cc2)cc1,0
c1ccc2c(c1)ccc1ccccc12,0
c1ccc(C2(c3ccccc3)CCCCC2)cc1,0
O=c1[nH]cc[nH]1,0
Cc1ccc(-c2ccc(-c3ccc(C)s3)c3nsnc23)s1,0
c1ccc2c(c1)c1ccccc1c1ccccc21,0
Cn1c2ccccc2c(=O)c2ccccc21,0
N#Cc1cccc(C#N)c1C#N,0
CCN(CC)c1ccc(C(=N/N=C/c2ccc(N(CC)CC)cc2O)c2ccc(N(CC)CC)cc2)cc1,0
c1ccc(-c2ccnc3c2ccc2cccnc23)cc1,0
BrCCCCCCC1(CCCCCCBr)c2ccccc2-c2cc(/C=C\c3ccc4c(c3)-c3ccccc3C4(CCCCCCBr)CCCCCCBr)ccc21,0
CCCCCCc1cc(-c2ccc(-c3cc(CCCCCC)c(-c4ccc(N(c5ccccc5)c5ccccc5)cc4)s3)c3nsnc23)sc1-c1ccc(N(c2ccccc2)c2ccccc2)cc1,0
Cc1cc(C)c(C)cc1C,0
C=C,0
Cc1ccc(C)cc1,0
c1cnc2c(c1)[SiH2:2]c1cccnc1[SiH2]2,0
c1ccc2c(c1)[nH]c1[nH]c3ccccc3c12,0
