SMILES,SAscore
O=c1[nH]cc(-c2ccccc2C(=C(c2ccccc2)c2ccc(N(c3ccccc3)c3ccccc3)cc2)c2ccccc2)[nH]1,2.6816565730391684
c1ccc(C(=C(c2ccccc2)c2ccccc2-c2cn[nH]c2)c2ccc(N(c3ccccc3)c3ccccc3)cc2)cc1,2.549037201171039
c1ccc(C(=C(c2ccc(N(c3ccccc3)c3ccccc3)cc2)c2ccccc2-c2cccc3[nH]ccc23)c2ccccc2)cc1,2.555811124749763
c1ccc(C(=C(c2ccccc2)c2ccc(N(c3ccccc3)c3ccc(-c4nc5ccccc5o4)cc3)cc2)c2ccccc2)cc1,2.412273326809194
c1ccc(C(=C(c2ccccc2)c2ccccc2-c2ccc3ncsc3c2)c2ccc(N(c3ccccc3)c3ccccc3)cc2)cc1,2.687778226358029
c1ccc(C(=C(c2ccccc2)c2ccc(N(c3ccccc3)c3ccc(-c4ccc5[nH]nnc5c4)cc3)cc2)c2ccccc2)cc1,2.6506930269144853
CN(C)c1cccc2cccc(-c3ccccc3N(c3ccccc3)c3ccc(C(=C(c4ccccc4)c4ccccc4)c4ccccc4)cc3)c12,2.612722005448683
c1ccc(C(=C(c2ccccc2)c2cccc(-c3cncc4c3[nH]c3ccncc34)c2)c2ccc(N(c3ccccc3)c3ccccc3)cc2)cc1,2.961095136371883
c1ccc(C(=C(c2ccccc2)c2ccc(N(c3ccccc3)c3cccc(-c4cnc5sc6ncccc6c5c4)c3)cc2)c2ccccc2)cc1,2.887788003360841
Cc1cccc2c1[nH]c1c(C)cc(-c3ccccc3N(c3ccccc3)c3ccc(C(=C(c4ccccc4)c4ccccc4)c4ccccc4)cc3)cc12,2.8461641879133257
c1ccc(C(=C(c2ccccc2)c2ccc(N(c3ccccc3)c3ccccc3)cc2N2c3ccccc3Sc3ccccc32)c2ccccc2)cc1,2.711885576767754
c1ccc(C(=C(c2ccccc2)c2ccc(N(c3ccccc3)c3ccccc3)cc2)c2ccc(-c3ccc4c(c3)Oc3ccccc3O4)cc2)cc1,2.5453486610029756
c1ccc(C(=C(c2ccc(N(c3ccccc3)c3ccccc3)cc2)c2ccccc2CN2c3ccccc3Oc3ccccc32)c2ccccc2)cc1,2.707277742122198
CC1c2ccccc2Nc2cccc(-c3cccc(C(=C(c4ccccc4)c4ccccc4)c4ccc(N(c5ccccc5)c5ccccc5)cc4)c3)c21,3.311632582530727
c1ccc(C(=C(c2ccc(-c3c4[nH]ccc4cc4ccoc34)cc2)c2ccc(N(c3ccccc3)c3ccccc3)cc2)c2ccccc2)cc1,2.9079526666478692
c1ccc(C(=C(c2ccc(N(c3ccccc3)c3ccccc3)cc2)c2ccccc2-c2coc3cc4ccoc4cc23)c2ccccc2)cc1,2.903536600579125
c1ccc(C(=C(c2ccccc2)c2cccc(-c3c4ncoc4cc4ncoc34)c2)c2ccc(N(c3ccccc3)c3ccccc3)cc2)cc1,3.1207907707477602
c1ccc(C(=C(c2ccccc2)c2ccc(N(c3ccccc3)c3ccccc3)cc2)c2ccc(-c3ccc4c(c3)NC3Nc5ccccc5C43)cc2)cc1,3.584001635203828
c1ccc(C(=C(c2ccc(N(c3ccccc3)c3ccccc3)cc2)c2cccc(C3CCc4cc(-c5ccccc5)cc5c4N3CCC5)c2)c2ccccc2)cc1,3.469319167900731
c1ccc(C(=C(c2ccccc2)c2ccc(N(c3ccccc3)c3ccccc3)cc2-c2cccc3c4nccnc4c4ccccc4c23)c2ccccc2)cc1,2.9074610457532906
c1ccc(C(=C(c2ccc(N(c3ccccc3)c3ccccc3)cc2)c2cccc(-c3ccc4c(c3)c3ccccc3c3[nH]cnc43)c2)c2ccccc2)cc1,2.905140067212164
CC1(C)c2ccccc2Nc2c1cc1c(c2-c2ccc(C(=C(c3ccccc3)c3ccc(N(c4ccccc4)c4ccccc4)cc3)c3ccccc3)cc2)c2ccccc2n1-c1ccccc1,3.401652281119082
CC1(C)c2cc(-c3cccc(N(c4ccccc4)c4ccc(C(=C(c5ccccc5)c5ccccc5)c5ccccc5)cc4)c3)ccc2Nc2c1ccc1c2c2ccccc2n1-c1ccccc1,3.436792661542304
c1ccc(C(=C(c2ccc(N(c3ccccc3)c3ccccc3)cc2)c2cccc(-c3cncs3)c2)c2ccccc2)cc1,2.559068320052159
O=C(c1cccc(-c2cccc(C(=C(c3ccccc3)c3ccc(N(c4ccccc4)c4ccccc4)cc3)c3ccccc3)c2)c1)C(F)(F)F,2.5552288711724067
O=S(=O)(c1ccccc1)c1ccccc1C(=C(c1ccccc1)c1ccc(N(c2ccccc2)c2ccccc2)cc1)c1ccccc1,2.397853367559005
c1ccc(C(=C(c2ccccc2)c2ccc(N(c3ccccc3)c3ccccc3)cc2-c2cccc3nccnc23)c2ccccc2)cc1,2.6676036463808668
O=C1C=CC(=O)c2c1cccc2-c1ccccc1C(=C(c1ccccc1)c1ccc(N(c2ccccc2)c2ccccc2)cc1)c1ccccc1,2.697394653026631
c1ccc(C(=C(c2ccccc2)c2ccccc2-c2ccc3sccc3c2)c2ccc(N(c3ccccc3)c3ccccc3)cc2)cc1,2.620437928920273
c1ccc(C(=C(c2ccccc2)c2cccc(-c3cccc(-c4cnccn4)c3)c2)c2ccc(N(c3ccccc3)c3ccccc3)cc2)cc1,2.6057263885615694
N#Cc1ccc(-c2cccc(C(=C(c3ccccc3)c3ccccc3)c3ccc(N(c4ccccc4)c4ccccc4)cc3)c2)cc1C#N,2.585385655178289
c1ccc(C(=C(c2ccccc2)c2ccc(N(c3ccccc3)c3ccccc3-c3cccc(-c4ccccn4)n3)cc2)c2ccccc2)cc1,2.6044387427410847
CC1c2ccccc2-c2c(-c3cccc(N(c4ccccc4)c4ccc(C(=C(c5ccccc5)c5ccccc5)c5ccccc5)cc4)c3)cccc21,3.128677013042676
c1ccc(C(=C(c2ccc(N(c3ccccc3)c3ccccc3)cc2)c2ccccc2-c2cc3c(cn2)[nH]c2ccccc23)c2ccccc2)cc1,2.802734453064982
c1ccc(C(=C(c2ccccc2)c2ccc(N(c3ccccc3)c3ccccc3-c3c[nH]c4nc5occc5nc34)cc2)c2ccccc2)cc1,3.0946648212527323
c1ccc(C(=C(c2ccccc2)c2cccc(-c3nc4nc5nc[nH]c5cc4[nH]3)c2)c2ccc(N(c3ccccc3)c3ccccc3)cc2)cc1,2.986542584965038
c1ccc(C(=C(c2ccccc2)c2ccc(N(c3ccccc3)c3cccc(-c4cc5cccnc5c5ncccc45)c3)cc2)c2ccccc2)cc1,2.7520796296220364
N#Cc1cc(C#N)c(-c2cccc(N(c3ccccc3)c3ccc(C(=C(c4ccccc4)c4ccccc4)c4ccccc4)cc3)c2)c(C#N)c1,2.8204362450035276
c1ccc(C(=C(c2ccccc2)c2ccc(N(c3ccccc3)c3cccc(-c4ccccc4-c4nc(-c5ccccc5)nc(-c5ccccc5)n4)c3)cc2)c2ccccc2)cc1,2.7408197801146716
Fc1ccc(-c2nc(-c3ccc(F)cc3)nc(-c3ccccc3-c3ccccc3C(=C(c3ccccc3)c3ccccc3)c3ccc(N(c4ccccc4)c4ccccc4)cc3)n2)cc1,2.9338142411223043
COc1ccc(C(=C(c2ccccc2)c2ccc(OCc3cccc(N)c3)cc2)c2ccccc2)cc1,2.1725262318462324
COc1ccc(C(=C(c2ccc(OC)cc2)c2ccccc2-c2nc3ccccc3o2)c2ccccc2)cc1,2.350918592058875
COc1ccc(C(=C(c2ccc(OC)cc2)c2cccc(-c3cccc4c(=O)cc[nH]c34)c2)c2ccccc2)cc1,2.537903110202576
COc1ccc(C(=C(c2ccc(OC)cc2)c2ccc(-c3nccc4[nH]c5ccncc5c34)cc2)c2ccccc2)cc1,2.670434425459833
COc1ccc(C(=C(c2ccc(OC)cc2)c2cccc(-c3ccc4c(c3)oc3ccccc34)c2)c2ccccc2)cc1,2.413653892452734
COc1ccc(C(=C(c2ccc(OC)cc2)c2ccc(-c3ccc4c(n3)sc3ccccc34)cc2)c2ccccc2)cc1,2.5125806398753383
COc1ccc(C(=C(c2ccc(OC)cc2)c2cccc(-c3cnc4sc5ncccc5c4c3)c2)c2ccccc2)cc1,2.697478035393205
COc1ccc(C(=C(c2ccccc2)c2ccc(OC)cc2-c2ccc(C)c3[nH]c4c(C)cccc4c23)c2ccccc2)cc1,2.7023442053614506
COc1ccc(C(=C(c2ccc(OC)cc2)c2cccc(-c3cccc4c3Sc3ccccc3N4)c2)c2ccccc2)cc1,2.6873028226255578
COc1ccc(C(=C(c2ccccc2)c2ccc(OC)c(-c3cccc4c3N(C)c3ccccc3O4)c2)c2ccccc2)cc1,2.704758402233283
COc1ccc(C(=C(c2ccc(OC)cc2)c2ccccc2-c2cccc3c2Nc2ccccc2C3C)c2ccccc2)cc1,3.1724359486771156
COc1ccc(C(=C(c2ccc(OC)cc2)c2ccccc2-c2cccc3c2NC2Nc4ccccc4C32)c2ccccc2)cc1,3.6049294547172694
COc1ccc(C(=C(c2ccc(OC)cc2)c2ccccc2C2Cc3cc(-c4ccccc4)cc4c3N(CCC4)C2)c2ccccc2)cc1,3.2631159677907142
COc1ccc(C(=C(c2ccccc2)c2ccc(OCC#N)cc2)c2ccccc2)cc1,2.1183656703828433
COc1ccc(C(=C(c2ccc(OC)cc2)c2ccccc2-c2ccno2)c2ccccc2)cc1,2.3947921807878334
COc1ccc(C(=C(c2ccc(OC)cc2)c2ccc(-c3cncs3)cc2)c2ccccc2)cc1,2.335232210660873
COc1ccc(C(=C(c2ccccc2)c2ccc(OCc3c(F)c(F)c(F)c(F)c3F)cc2)c2ccccc2)cc1,2.3885326934906637
COc1ccc(C(=C(c2ccccc2)c2ccc(OCc3ccccc3C#N)cc2)c2ccccc2)cc1,2.240193247106605
COc1ccc(C(=C(c2ccccc2)c2ccc(OC)cc2C2=CC(=O)NC2=O)c2ccccc2)cc1,2.597298166762041
COc1ccc(C(=C(c2ccccc2)c2ccc(OC)cc2-c2cc3[nH]ccc3cn2)c2ccccc2)cc1,2.604209294400013
COc1ccc(C(=C(c2ccccc2)c2ccc(OC)c(-c3ccnc4ncccc34)c2)c2ccccc2)cc1,2.479426317045787
COc1ccc(C(=C(c2ccc(OC)cc2)c2cccc(-c3ccc4sccc4c3)c2)c2ccccc2)cc1,2.3824890268414833
COc1ccc(C(=C(c2ccc(OC)cc2)c2cccc(-c3cccc4[nH]nnc34)c2)c2ccccc2)cc1,2.5735779900521862
COc1ccc(C(=C(c2ccccc2)c2ccc(OC)cc2-c2cccc(-c3ccccn3)n2)c2ccccc2)cc1,2.543568368150982
COc1ccc(C(=C(c2ccc(OC)cc2)c2ccccc2-c2ccnc3c2C2C=CC=CC2N3)c2ccccc2)cc1,3.6620098272097703
COc1ccc(C(=C(c2ccccc2)c2ccc(OCc3cccc4c3sc3ccccc34)cc2)c2ccccc2)cc1,2.4853276511563784
COc1ccc(C(=C(c2ccc(OC)cc2)c2cccc(-c3ccc4c(c3)-c3ccccc3C4C)c2)c2ccccc2)cc1,2.9463575574145793
COc1ccc(C(=C(c2ccccc2)c2ccc(OC)cc2-c2nccc3c2[nH]c2ccccc23)c2ccccc2)cc1,2.6222727052902375
COc1ccc(C(=C(c2ccc(OC)cc2)c2ccccc2-c2nc3nc4ocnc4nc3o2)c2ccccc2)cc1,3.091455092716739
COc1ccc(C(=C(c2ccccc2)c2ccc(OC)cc2-c2nc3cc4nc[nH]c4cc3[nH]2)c2ccccc2)cc1,2.77260831852319
COc1ccc(C(=C(c2ccccc2)c2ccc(OC)cc2-c2cccc3cnc4ccccc4c23)c2ccccc2)cc1,2.576461165820822
COc1ccc(C(=C(c2ccccc2)c2ccc(OC)cc2-c2c(C#N)c(C#N)cc3nc4c(nc23)-c2cccc3cccc-4c23)c2ccccc2)cc1,3.259912473980852
COc1ccc(C(=C(c2ccccc2)c2ccc(OCc3ccc(C#N)cc3C#N)cc2)c2ccccc2)cc1,2.447318985785131
COc1ccc(C(=C(c2ccc(OC)cc2)c2cccc(-c3cccc4c3Oc3cccc5c3B4c3ccccc3O5)c2)c2ccccc2)cc1,3.2563953597442357
CCN(C1=C2C=CC=[N+]2[B-](F)(F)n2cccc21)c1ccnnc1,4.295181031715092
CCNC1=C2C=CC(c3cccc4nn[nH]c34)=[N+]2[B-](F)(F)n2cccc21,4.2324670279252
CCNC1=C2C=CC=[N+]2[B-](F)(F)n2ccc(-c3ccc4ccc(N(C)C)cc4c3)c21,3.7372638969915846
CCNC1=C2C=CC=[N+]2[B-](F)(F)n2c1ccc2-c1ccc2ccccc2c1N(C)C,3.769880548575295
F[B-]1(F)n2cccc2C(NCCc2ccc3sc4ncccc4c3c2)=C2C=CC=[N+]21,3.767211794975953
CCNC1=C2C=CC=[N+]2[B-](F)(F)n2ccc(-c3ccc4c(c3)Oc3ccccc3O4)c21,3.8094160112947044
CCNC1=C2C=CC=[N+]2[B-](F)(F)n2c1ccc2-c1cccc2c1N(C)c1ccccc1N2C,3.862362976658348
CN1c2ccccc2Oc2cc(CCNC3=C4C=CC=[N+]4[B-](F)(F)n4cccc43)ccc21,3.67877266051008
CCNC1=C2C=CC=[N+]2[B-](F)(F)n2cc(-c3ccc4c(c3)Nc3ccccc3C4C)cc21,4.272728358465797
CCNC1=C2C=CC=[N+]2[B-](F)(F)n2ccc(N3c4ccccc4CCc4ccccc43)c21,3.6623850674579703
CCNC1=C2C=CC=[N+]2[B-](F)(F)n2c1ccc2-c1c[nH]c2nc3occc3nc12,4.326914921521226
CC(NC1=C2C=CC=[N+]2[B-](F)(F)n2cccc21)c1cccc2c1NC1Nc3ccccc3C21,4.953416418006069
F[B-]1(F)n2cccc2C(NCCc2ccccc2N(c2ccccc2)c2ccccc2)=C2C=CC=[N+]21,3.445394264760835
CC(NC1=C2C=CC=[N+]2[B-](F)(F)n2cccc21)c1ccc2c(c1)c1ccccc1c1nccnc21,4.09560401153674
CCNC1=C2C=C(c3ccc4c5ccccc5c5nc[nH]c5c4c3)C=[N+]2[B-](F)(F)n2cccc21,3.8276775959195195
CCN(C1=C2C=CC=[N+]2[B-](F)(F)n2cccc21)c1ccon1,4.4475497308131295
CCNC1=C2C=CC=[N+]2[B-](F)(F)n2ccc(-c3nccs3)c21,4.245595884659285
CCNC1=C2C(c3ncncc3C#N)=CC=[N+]2[B-](F)(F)n2cccc21,4.263455136501669
CC(NC1=C2C=CC=[N+]2[B-](F)(F)n2cccc21)c1ccc(C#N)cc1,4.21300891164638
CCNC1=C2C=CC=[N+]2[B-](F)(F)n2c(C3=CC(=O)NC3=O)ccc21,4.333360932577848
CC(NC1=C2C=CC=[N+]2[B-](F)(F)n2cccc21)c1ccc2ncccc2n1,4.2643136481419965
CCNC1=C2C=C(c3cnc4ncccc4c3)C=[N+]2[B-](F)(F)n2cccc21,4.021060873080626
CCNC1=C2C=CC=[N+]2[B-](F)(F)n2ccc(-c3ccc4ocnc4c3)c21,4.06162025869443
CCNC1=C2C=CC=[N+]2[B-](F)(F)n2ccc(-c3cccc4sccc34)c21,3.892820874079045
CCNC1=C2C=CC=[N+]2[B-](F)(F)n2c1ccc2-c1cccc(-c2ccccn2)n1,3.713655580861885
CCNC1=C2C=C(c3ccc4c(c3)sc3ccccc34)C=[N+]2[B-](F)(F)n2cccc21,3.7621822555498623
CCNC1=C2C(c3cccc4c3C(C)c3ccccc3-4)=CC=[N+]2[B-](F)(F)n2cccc21,4.293032703648809
CCNC1=C2C=CC=[N+]2[B-](F)(F)n2c1ccc2-c1cccc2c1[nH]c1cnccc12,3.8792697887063605
CCNC1=C2C=C(c3nc4cc5ncoc5nc4o3)C=[N+]2[B-](F)(F)n2cccc21,4.468264372070676
CC(NC1=C2C=CC=[N+]2[B-](F)(F)n2cccc21)c1cnc2c(ccc3cccnc32)c1,4.200094466829448
CCNC1=C2C=CC=[N+]2[B-](F)(F)n2cc(-c3ccc4cccc5c4c3-c3nc4cc(C#N)c(C#N)cc4nc3-5)cc21,4.080853762093058
CCNC1=C2C(c3cccc(-c4nc(-c5ccc(F)cc5)nc(-c5ccc(F)cc5)n4)c3)=CC=[N+]2[B-](F)(F)n2cccc21,3.604188654568291
F[B-]1(F)n2cccc2C(c2ccccc2)=C2C=C(c3cccnn3)C=[N+]21,3.720854995536534
Nc1ccccc1-c1cccc(C2=C3C=CC=[N+]3[B-](F)(F)n3cccc32)c1,3.485543121601335
F[B-]1(F)n2cccc2C(c2ccccc2-c2c[nH]c3ccccc23)=C2C=CC=[N+]21,3.4820428400732624
F[B-]1(F)n2cccc2C(c2ccccc2)=C2C=C(c3csc4ccccc34)C=[N+]21,3.547461844598148
F[B-]1(F)n2cccc2C(c2ccccc2)=C2C(c3cccc4ncoc34)=CC=[N+]21,3.804500215638872
CN(C)c1cccc2cccc(-c3cccc(C4=C5C=CC=[N+]5[B-](F)(F)n5cccc54)c3)c12,3.5174969158434646
F[B-]1(F)n2cccc2C(c2cccc(-c3cc4[nH]c5ccncc5c4cn3)c2)=C2C=CC=[N+]21,3.7128112277930443
F[B-]1(F)n2cccc2C(c2cccc(-c3cc4c(cn3)[nH]c3ccccc34)c2)=C2C=CC=[N+]21,3.5311368423846385
F[B-]1(F)n2c(ccc2-c2ccnc3oc4ccccc4c23)C(c2ccccc2)=C2C=CC=[N+]21,3.5711408074916964
F[B-]1(F)n2ccc(-c3ccc4c(c3)sc3ncccc34)c2C(c2ccccc2)=C2C=CC=[N+]21,3.585420902654265
CC1(C)c2ccccc2-c2c(C3=CC=[N+]4C3=C(c3ccccc3)c3cccn3[B-]4(F)F)cccc21,3.5775369112280178
Cc1c(Cc2cccc(C3=C4C=CC=[N+]4[B-](F)(F)n4cccc43)c2)cc2c(c1C)c1ccccc1n2C,3.6368150868548206
Cc1cccc2c1[nH]c1c(Cc3ccn4c3C(c3ccccc3)=C3C=CC=[N+]3[B-]4(F)F)cccc12,3.5991927958210015
F[B-]1(F)n2cccc2C(c2ccccc2)=C2C=C(c3cccc4c3Nc3ccccc3S4)C=[N+]21,3.6589914001153243
F[B-]1(F)n2cccc2C(c2ccccc2-c2cccc3c2Oc2ccccc2O3)=C2C=CC=[N+]21,3.622690938576863
CC1(C)c2ccccc2N(c2ccccc2C2=C3C=CC=[N+]3[B-](F)(F)n3cccc32)c2ccccc21,3.494256517747326
CN1c2ccccc2Oc2ccc(-c3cc4n(c3)[B-](F)(F)[N+]3=CC=CC3=C4c3ccccc3)cc21,3.4662805786264315
CC1c2ccccc2Nc2cc(-c3cccc(C4=C5C=CC=[N+]5[B-](F)(F)n5cccc54)c3)ccc21,4.0277782196815375
F[B-]1(F)n2cccc2C(c2ccccc2)=C2C=C(c3c4cc[nH]c4cc4occc34)C=[N+]21,3.802000531266641
F[B-]1(F)n2c(ccc2-c2cnc3c4ccccc4c4ccccc4c3n2)C(c2ccccc2)=C2C=CC=[N+]21,3.41703720315056
CC1(Cc2ccc3n2[B-](F)(F)[N+]2=CC=CC2=C3c2ccccc2)c2ccccc2Nc2c1ccc1c2c2ccccc2n1-c1ccccc1,4.193663918719096
N#CC1=CC=[N+]2C1=C(c1ccccc1)c1cccn1[B-]2(F)F,3.845945335208736
F[B-]1(F)n2cccc2C(c2ccc(-c3cncs3)cc2)=C2C=CC=[N+]21,3.796454608147137
CC(=O)c1ccc(C2=[N+]3C(=C(c4ccccc4)c4cccn4[B-]3(F)F)C=C2)cc1,3.3576267380179816
O=[SH](=O)c1ccc(-c2ccn3c2C(c2ccccc2)=C2C=CC=[N+]2[B-]3(F)F)cc1,3.9558089437640422
O=Cc1ccc(C=O)c(-c2ccn3c2C(c2ccccc2)=C2C=CC=[N+]2[B-]3(F)F)c1,3.7077241221836292
F[B-]1(F)n2cccc2C(c2ccccc2-c2ccnc3ncccc23)=C2C=CC=[N+]21,3.5906088229479813
O=C1NC(=O)c2c1cccc2-c1cc2n(c1)[B-](F)(F)[N+]1=CC=CC1=C2c1ccccc1,3.5790305834641085
F[B-]1(F)n2cccc2C(c2ccccc2-c2nccnc2-c2ccccc2)=C2C=CC=[N+]21,3.4677175525432364
F[B-]1(F)n2cc(C34C=CC=CC3c3cccnc3N4)cc2C(c2ccccc2)=C2C=CC=[N+]21,4.84915881759521
F[B-]1(F)n2ccc(-c3cccc4c3[nH]c3cnccc34)c2C(c2ccccc2)=C2C=CC=[N+]21,3.599111465699468
N#Cc1cc(C#N)c(-c2cccc(C3=C4C=CC=[N+]4[B-](F)(F)n4cccc43)c2)c(C#N)c1,3.895190990071338
Fc1ccc(-c2nc(-c3ccccc3)nc(-c3ccc(F)cc3C3=CC=[N+]4C3=C(c3ccccc3)c3cccn3[B-]4(F)F)n2)cc1,3.515299378451819
c1ccc(C(=C(c2ccccc2)c2cccc(-c3cn[nH]c3)c2)c2ccccc2)cc1,2.204463106660425
c1ccc(C(=C(c2ccccc2)c2ccc(-c3ccc4[nH]ccc4c3)cc2)c2ccccc2)cc1,2.101024691040786
c1ccc(C(=C(c2ccccc2)c2ccc(-c3cccc4sccc34)cc2)c2ccccc2)cc1,2.1083521507973604
c1ccc(C(=C(c2ccccc2)c2ccccc2-c2ccc3ncoc3c2)c2ccccc2)cc1,2.393286810042074
CN(C)c1cc(-c2cccc(C(=C(c3ccccc3)c3ccccc3)c3ccccc3)c2)c2ccccc2c1,2.2919597944387355
CN(C)c1cccc2cc(-c3cccc(C(=C(c4ccccc4)c4ccccc4)c4ccccc4)c3)ccc12,2.2533443712544337
c1ccc(C(=C(c2ccccc2)c2ccccc2-c2ccc3c(n2)oc2ccccc23)c2ccccc2)cc1,2.453257137489496
c1ccc(C(=C(c2ccccc2)c2ccccc2-c2cnc3sc4ccccc4c3c2)c2ccccc2)cc1,2.494911172455067
Cc1cccc2c1[nH]c1c(C)cc(-c3ccc(C(=C(c4ccccc4)c4ccccc4)c4ccccc4)cc3)cc12,2.3797822540917757
c1ccc(C(=C(c2ccccc2)c2ccc(-c3cccc4c3[nH]c3ccncc34)cc2)c2ccccc2)cc1,2.442594012691753
CC1(C)c2ccccc2Nc2cc(-c3cccc(C(=C(c4ccccc4)c4ccccc4)c4ccccc4)c3)ccc21,2.484935425537282
CC1c2ccccc2Nc2c(-c3ccc(C(=C(c4ccccc4)c4ccccc4)c4ccccc4)cc3)cccc21,2.9261069622329234
c1ccc(C(=C(c2ccccc2)c2cccc(-c3nc4ccccc4c4ccccc34)c2)c2ccccc2)cc1,2.136180462094229
c1ccc(C(=C(c2ccccc2)c2ccccc2-c2ccc3c(c2)Nc2ccccc2CC3)c2ccccc2)cc1,2.4410215911127953
c1ccc(C(=C(c2ccccc2)c2cccc(-c3nc4nc5nc[nH]c5nc4[nH]3)c2)c2ccccc2)cc1,2.810483335307877
c1ccc(C(=C(c2ccccc2)c2ccccc2-c2c3cc[nH]c3cc3occc23)c2ccccc2)cc1,2.5938578292350023
c1ccc(C(=C(c2ccccc2)c2ccccc2-c2c3ccoc3cc3ccoc23)c2ccccc2)cc1,2.6558145093969436
c1ccc(C(=C(c2ccccc2)c2cccc(-c3ccc4c5c3CCCN5CCC4)c2)c2ccccc2)cc1,2.489501704999446
c1ccc(C(=C(c2ccccc2)c2ccccc2-c2cccc(-c3cc4c5c(c3)CCCN5CCC4)c2)c2ccccc2)cc1,2.5994005634649273
CC1(C)c2ccc(-c3ccccc3C(=C(c3ccccc3)c3ccccc3)c3ccccc3)cc2Nc2cc3c4ccccc4n(-c4ccccc4)c3cc21,3.0516036204604484
N#Cc1ccc(C(=C(c2ccccc2)c2ccccc2)c2ccccc2)cc1,1.7395816798605495
c1ccc(C(=C(c2ccccc2)c2ccccc2-c2cncs2)c2ccccc2)cc1,2.3191275249423473
N#Cc1cccc(-c2cccc(C(=C(c3ccccc3)c3ccccc3)c3ccccc3)c2)c1,2.0122088021512496
O=C1C=C(c2cccc(C(=C(c3ccccc3)c3ccccc3)c3ccccc3)c2)C(=O)N1,2.401094766241833
O=[SH](=O)c1ccccc1-c1ccc(C(=C(c2ccccc2)c2ccccc2)c2ccccc2)cc1,2.3429803225244505
c1ccc(C(=C(c2ccccc2)c2cccc(-c3cncc4cc[nH]c34)c2)c2ccccc2)cc1,2.46872065619592
c1ccc(C(=C(c2ccccc2)c2ccccc2-c2cnc3ccccc3n2)c2ccccc2)cc1,2.1835547514447793
c1ccc(C(=C(c2ccccc2)c2cccc(-c3cnc4cccnc4c3)c2)c2ccccc2)cc1,2.229391028086928
c1ccc(C(=C(c2ccccc2)c2cccc(-c3cccc4ncoc34)c2)c2ccccc2)cc1,2.4064195572948215
O=C1C=C(c2ccc(C(=C(c3ccccc3)c3ccccc3)c3ccccc3)cc2)C(=O)c2ccccc21,2.2071754666885095
O=c1cc[nH]c2c(-c3ccccc3C(=C(c3ccccc3)c3ccccc3)c3ccccc3)cccc12,2.424850242209743
c1ccc(C(=C(c2ccccc2)c2cccc(-c3nccnc3-c3ccccc3)c2)c2ccccc2)cc1,2.0746998161723624
c1ccc(C(=C(c2ccccc2)c2ccccc2-c2ccnc(-c3ccccn3)c2)c2ccccc2)cc1,2.300807971751107
C1=CC2Nc3ncc(-c4ccc(C(=C(c5ccccc5)c5ccccc5)c5ccccc5)cc4)cc3C2C=C1,3.4906542115343626
c1ccc(C(=C(c2ccccc2)c2ccccc2-c2cccc3c2sc2ccccc23)c2ccccc2)cc1,2.2686595280432904
O=S1(=O)c2ccccc2-c2c(-c3ccccc3C(=C(c3ccccc3)c3ccccc3)c3ccccc3)cccc21,2.4927246637918987
c1ccc(C(=C(c2ccccc2)c2ccc(-c3c4ccoc4cc4ccoc34)cc2)c2ccccc2)cc1,2.548541655804973
c1ccc(C(=C(c2ccccc2)c2ccccc2-c2cccc3cnc4ccccc4c23)c2ccccc2)cc1,2.3609291612173404
N#Cc1ccc(-c2ccccc2C(=C(c2ccccc2)c2ccccc2)c2ccccc2)c(C#N)c1C#N,2.5235659601912968
c1ccc(C(=C(c2ccccc2)c2ccccc2-c2cc3c4c(c2)Oc2ccccc2B4c2ccccc2O3)c2ccccc2)cc1,3.028797019822055
COc1ccc(N(c2ccc(C)cc2)c2ccc(OC)c(-c3c[nH]c(=O)[nH]3)c2)cc1,2.4411214388204794
COc1ccc(N(c2ccc(C)cc2)c2ccc(OCc3cn[nH]c3)cc2)cc1,2.2103794916569726
COc1ccc(N(c2ccc(C)cc2)c2ccc(OC)c(-c3cccnn3)c2)cc1,2.2327981706692253
COc1ccc(N(c2ccc(OC)cc2)c2ccc(C)cc2-c2ccccc2N)cc1,2.1361664520898653
COc1ccc(N(c2ccc(C)cc2)c2ccc(OC)cc2-c2ccc(F)c(F)c2F)cc1,2.289870822073059
COc1ccc(N(c2ccc(C)cc2)c2ccc(OC)cc2-c2cccc3cc[nH]c23)cc1,2.376301622321197
COc1ccc(N(c2ccc(C)cc2)c2ccc(OC)c(-c3cccc4ncoc34)c2)cc1,2.4485424877058115
COc1ccc(N(c2ccc(C)cc2)c2ccc(OC)c(-c3ccc4ccccc4c3N(C)C)c2)cc1,2.397392300207505
COc1ccc(N(c2ccc(C)cc2)c2ccc(OC)c(-c3cccc4c3oc3ccccc34)c2)cc1,2.3391956625684163
COc1ccc(N(c2ccc(OC)cc2)c2ccc(C)c(-c3ccnc4sc5ccccc5c34)c2)cc1,2.4858905343632856
COc1ccc(N(c2ccc(C)cc2)c2ccc(OC)c(-c3ccc4c(c3)[nH]c3ccncc34)c2)cc1,2.472240534363287
COc1ccc(N(c2ccc(C)cc2)c2ccc(OC)c(CN3c4ccccc4Oc4ccccc43)c2)cc1,2.4217023590013156
COc1ccc(N(c2ccc(C)cc2)c2ccc(OC)c(-c3ccc4c(cnc5ccccc54)c3)c2)cc1,2.355268607219463
COc1ccc(N(c2ccc(C)cc2)c2ccc(OC)cc2-c2cccc3c2Nc2ccccc2CC3)cc1,2.5459545857219634
COc1ccc(N(c2ccc(OC)cc2)c2ccc(C)c(-c3c4ncoc4cc4ncoc34)c2)cc1,2.9265637028698954
COc1ccc(N(c2ccc(C)cc2)c2ccc(OC)cc2-c2ncon2)cc1,2.4362489874552917
COc1ccc(N(c2ccc(OC)cc2)c2ccc(C)c(-c3ncncc3C#N)c2)cc1,2.4294567256735284
COc1ccc(N(c2ccc(C)cc2)c2ccc(OCc3cccc(C(C)=O)c3)cc2)cc1,2.033990842968972
COc1ccc(N(c2ccc(C)cc2)c2ccc(OC)cc2-c2ccccc2[SH](=O)=O)cc1,2.6539708326321634
COc1ccc(N(c2ccc(C)cc2)c2ccc(OC)c(-c3ccc4nccnc4c3)c2)cc1,2.2868328406747658
COc1ccc(N(c2ccc(OC)cc2)c2ccc(C)cc2-c2cccnc2-c2ccccn2)cc1,2.392739087485282
COc1ccc(N(c2ccc(C)cc2)c2ccc(OC)cc2-c2ccc3c(c2)S(=O)(=O)c2ccccc2-3)cc1,2.5836661386427267
COc1ccc(N(c2ccc(Cc3ccc4[nH]c5cnccc5c4c3)cc2)c2ccc(OC)cc2)cc1,2.4065147992421387
COc1ccc(N(c2ccc(C)cc2)c2ccc(OC)cc2-c2ccc(C#N)cc2C#N)cc1,2.42369021216925
COc1ccc(N(c2ccc(C)cc2)c2ccc(OC)cc2-c2cc3c4c(c2)Oc2ccccc2B4c2ccccc2O3)cc1,3.2040307798556587
COc1ccc(N(c2ccc(C)cc2)c2ccc(OC)c(-c3cc(C(=O)c4ccccc4)ccc3-c3nc(-c4ccc(F)cc4)nc(-c4ccc(F)cc4)n3)c2)cc1,2.993997114950316
CC1=C(c2ccccc2)C(c2ccccc2-c2cn[nH]c2)=C(C)[Si]1(C)C,2.9584509031850743
CC1=C(c2ccccc2)C(c2ccccc2)=C(C)[Si]1(C)Cc1ccnnc1,3.0691271452699755
CC1=C(c2ccccc2)C(c2ccccc2)=C(Cc2ccc(N)cc2)[Si]1(C)C,2.7188563908165087
CC1=C(c2ccccc2)C(c2ccc(-c3ccc4ncsc4c3)cc2)=C(C)[Si]1(C)C,2.857248272451965
CC1=C(c2ccccc2)C(c2ccccc2)=C(Cc2ccc3[nH]nnc3c2)[Si]1(C)C,3.1405997621811608
CC1=C(c2ccccc2)C(c2ccc(-c3cc4ccccc4cc3N(C)C)cc2)=C(C)[Si]1(C)C,2.831189746269171
CC1=C(c2ccccc2)C(c2cccc(-c3ccc(N(C)C)c4ccccc34)c2)=C(C)[Si]1(C)C,2.811724361653786
CC1=C(c2ccccc2)C(c2ccccc2-c2nccc3[nH]c4ccncc4c23)=C(C)[Si]1(C)C,3.1214190830038646
CC1=C(c2ccccc2)C(c2ccccc2-c2cc3c(cn2)[nH]c2ccccc23)=C(C)[Si]1(C)C,2.9311432588280404
CC1=C(c2ccccc2)C(c2cccc(-c3ccc4oc5ncccc5c4c3)c2)=C(C)[Si]1(C)C,2.9719837611828286
CC1=C(c2ccccc2)C(c2ccccc2-c2ccc3c(c2)-c2ccccc2C3(C)C)=C(C)[Si]1(C)C,2.882109598151084
CC1=C(c2ccccc2)C(c2ccccc2)=C(C)[Si]1(C)(C)c1cccc2c3c(C)c(C)c(C)cc3n(C)c12,3.431445110573325
CC1=C(c2ccccc2)C(c2ccc(-c3ccc4c(c3)Nc3ccccc3C4(C)C)cc2)=C(C)[Si]1(C)C,2.9949134281361793
CC1=C(c2ccccc2)C(c2ccc(-c3ccc4c(c3)N(C)c3ccccc3N4C)cc2)=C(C)[Si]1(C)C,2.851193734463676
CC1=C(c2ccccc2)C(c2ccccc2)=C(Cc2ccc3c(c2)Oc2ccccc2N3C)[Si]1(C)C,2.9748007485165555
CC1=C(c2ccccc2)C(c2cccc(-c3ccc4[nH]c5ccccc5c(=O)c4c3)c2)=C(C)[Si]1(C)C,2.8356438906432864
CC1=C(c2ccccc2)C(c2ccccc2-c2c[nH]c3nc4occc4nc23)=C(C)[Si]1(C)C,3.3620395879082405
CC1=C(c2ccccc2)C(c2ccccc2)=C(Cc2c3ncsc3cc3ncsc23)[Si]1(C)C,3.393020372321197
CC1=C(c2ccccc2)C(c2ccccc2-c2c[nH]c3cc4occc4cc23)=C(C)[Si]1(C)C,3.110395215438606
CC1=C(c2ccccc2)C(c2ccccc2)=C(Cc2c3ncoc3cc3ncoc23)[Si]1(C)C,3.518632391551966
CC1=C(c2ccccc2)C(c2ccccc2-c2ccc3c(c2)C2c4ccccc4NC2N3)=C(C)[Si]1(C)C,3.8851777761006963
CC1=C(c2ccccc2)C(c2ccccc2)=C(C)[Si]1(C)CC1CCc2cccc3c2N1CCC3,3.580211436069648
CC1=C(c2ccccc2)C(c2ccc(-c3ccc4c(c3)c3ccccc3c3nccnc43)cc2)=C(C)[Si]1(C)C,2.894965296117906
CC1=C(c2ccccc2)C(c2ccccc2)=C(Cc2cccc3c4ccccc4c4[nH]cnc4c23)[Si]1(C)C,3.106177962728819
CC1=C(c2ccccc2)C(c2ccc(-c3cc4c5ccccc5[nH]c4c4c3[nH]c3ccccc34)cc2)=C(C)[Si]1(C)C,3.100647938903286
CC1=C(c2ccccc2)C(c2ccccc2-c2ccc(C3(c4ccccc4)c4ccccc4Nc4ccccc43)cc2)=C(C)[Si]1(C)C,3.0169319895000477
CC1=C(c2ccccc2)C(c2ccccc2CC2(C)c3ccccc3Nc3cc4c5ccccc5n(-c5ccccc5)c4cc32)=C(C)[Si]1(C)C,3.796808591236484
CC1=C(c2ccccc2)C(c2cccc(-c3ccccc3[SH](=O)=O)c2)=C(C)[Si]1(C)C,3.248383373397531
CC1=C(c2ccccc2)C(c2ccccc2)=C(Cc2cc3[nH]ccc3cn2)[Si]1(C)C,3.0674825208018515
CC1=C(c2ccccc2)C(c2ccccc2-c2cnc3ccccc3n2)=C(C)[Si]1(C)C,2.775438707923918
CC1=C(c2ccccc2)C(c2ccccc2)=C(C)[Si]1(C)(C)c1cccc2ccsc12,3.2751815461550065
CC1=C(c2ccccc2)C(c2ccccc2)=C(Cc2cccc3[nH]nnc23)[Si]1(C)C,3.14748305130583
CC1=C(c2ccccc2)C(c2ccccc2)=C(C)[Si]1(C)(C)c1ccccc1-c1cnccn1,3.231457239730103
CC1=C(c2ccccc2)C(c2ccc(-c3ccnc4c3C3C=CC=CC3N4)cc2)=C(C)[Si]1(C)C,4.10219843412277
CC1=C(c2ccccc2)C(c2cccc(-c3nc4nc5nc[nH]c5nc4[nH]3)c2)=C(C)[Si]1(C)C,3.4141550534952856
CC1=C(c2ccccc2)C(c2ccccc2-c2cccc3cnc4ccccc4c23)=C(C)[Si]1(C)C,2.8437003537261134
CC1=C(c2ccccc2)C(c2cccc(-c3ccc(-c4nc(-c5ccccc5)nc(-c5ccccc5)n4)cc3)c2)=C(C)[Si]1(C)C,2.647950050318391
CC1=C(c2ccccc2)C(c2ccccc2)=C(Cc2cc(F)ccc2-c2nc(-c3ccccc3)nc(-c3ccc(F)cc3)n2)[Si]1(C)C,3.0840056202418733
CC1=C(c2ccccc2)C(c2cccc(-c3cccc(C(=O)c4ccc(-c5nc(-c6ccc(F)cc6)nc(-c6ccc(F)cc6)n5)cc4)c3)c2)=C(C)[Si]1(C)C,3.0972827454149616
Nc1cccc(-c2cc(C=[CH:1]c3ccc([CH3:1])cc3)c([OH:1])[cH:1][cH:1]2)c1,2.0269586540927147
Fc1cc(-c2c[cH:1][cH:1]c([OH:1])c2C=[CH:1]c2ccc([CH3:1])cc2)cc(F)c1F,2.298151895517302
CN(C)c1cccc2cc(-c3cc([CH:1]=Cc4cc[cH:1][cH:1]c4[OH:1])ccc3[CH3:1])ccc12,2.2747140410763684
C(c1cc[cH:1][cH:1]c1[OH:1])=[CH:1]c1ccc([CH3:1])c(-c2cnc3sc4ccccc4c3c2)c1,2.462048812923941
Cc1cc2c(c(C)c1C)c1cc(-c3c[cH:1][cH:1]c([OH:1])c3C=[CH:1]c3ccc([CH3:1])cc3)ccc1n2C,2.608046504455192
C(c1cc[cH:1][cH:1]c1[OH:1])=[CH:1]c1ccc([CH3:1])c(-c2cccc3c2[nH]c2ccncc23)c1,2.4786821160913615
CC1(C)c2ccccc2Nc2ccc(C(c3cc[cH:1][cH:1]c3[OH:1])=[CH:1]c3ccc([CH3:1])cc3)cc21,2.494077628683563
C(c1cc(-c2ccc3c(c2)CCc2ccccc2N3)[cH:1][cH:1]c1[OH:1])=[CH:1]c1ccc([CH3:1])cc1,2.3478337120554826
C(c1cc[cH:1][cH:1]c1[OH:1])=[CH:1]c1ccc([CH3:1])cc1-c1c[nH]c2nc3occc3nc12,2.9608615784337697
C(c1cc(-c2cc3cc4occc4cc3o2)[cH:1][cH:1]c1[OH:1])=[CH:1]c1ccc([CH3:1])cc1,2.5498064189590988
C(c1c(-c2nc3cc4ocnc4cc3o2)c[cH:1][cH:1]c1[OH:1])=[CH:1]c1ccc([CH3:1])cc1,2.7850660812480292
c1cc([CH:1]=C(c2ccc3c4c2CCCN4CCC3)c2cc[cH:1][cH:1]c2[OH:1])ccc1[CH3:1],2.517868360435253
C(c1c(-c2ccccc2N(c2ccccc2)c2ccccc2)c[cH:1][cH:1]c1[OH:1])=[CH:1]c1ccc([CH3:1])cc1,2.3549609634614708
N#Cc1cc([CH:1]=Cc2cc[cH:1][cH:1]c2[OH:1])ccc1[CH3:1],2.190917688435354
O=Cc1ccc(C(=O)c2cc([CH:1]=Cc3cc[cH:1][cH:1]c3[OH:1])ccc2[CH3:1])cc1,2.1893681589023295
C(c1cc[cH:1][cH:1]c1[OH:1])=[CH:1]c1ccc([CH3:1])c(-c2ccc3cccnc3n2)c1,2.3156398133503
O=C1C=CC(=O)c2c1cccc2-c1cc([CH:1]=Cc2cc[cH:1][cH:1]c2[OH:1])ccc1[CH3:1],2.4903879292780466
C(c1cc[cH:1][cH:1]c1[OH:1])=[CH:1]c1ccc([CH3:1])cc1-c1csc2ccccc12,2.2906133015085697
C(c1cc[cH:1][cH:1]c1[OH:1])=[CH:1]c1ccc([CH3:1])c(-c2cccc(-c3ccccn3)n2)c1,2.275701540910317
C(c1cc[cH:1][cH:1]c1[OH:1])=[CH:1]c1ccc([CH3:1])c(-c2ccc3c(c2)sc2ccccc23)c1,2.2919007586252977
O=S1(=O)c2ccccc2-c2cccc(-c3cc([CH3:1])ccc3[CH:1]=Cc3cc[cH:1][cH:1]c3[OH:1])c21,2.654357981908362
C(c1cc[cH:1][cH:1]c1[OH:1])=[CH:1]c1ccc([CH3:1])cc1-c1coc2cc3ccoc3cc12,2.674372835469418
C(c1cc(-c2cccc3ncc4ccccc4c23)[cH:1][cH:1]c1[OH:1])=[CH:1]c1ccc([CH3:1])cc1,2.273158298472456
C(c1cc[cH:1][cH:1]c1[OH:1])=[CH:1]c1ccc([CH3:1])c(-c2cc3c4c(c2)Oc2ccccc2B4c2ccccc2O3)c1,3.187239711027601
C(c1cc(-c2cccc(-c3nc(-c4ccccc4)nc(-c4ccccc4)n3)c2)[cH:1][cH:1]c1[OH:1])=[CH:1]c1ccc([CH3:1])cc1,2.4065709063547835
Fc1ccc(-c2nc(-c3ccccc3)nc(-c3ccc(F)cc3-c3cc([CH:1]=Cc4cc[cH:1][cH:1]c4[OH:1])ccc3[CH3:1])n2)cc1,2.593630982559313
c1cnnc([N+:1]2=C(c3cc[cH:1]cc3)O[CH:1]=C2c2cc[cH:1]cc2)c1,2.8760220472213245
c1ccc2sc(-c3cc(C4=[CH:1]OC(c5cc[cH:1]cc5)=[N+:1]4)cc[cH:1]3)cc2c1,3.020357891830524
CN(C)c1ccc(-c2cc(C3=[CH:1]OC(c4cc[cH:1]cc4)=[N+:1]3)cc[cH:1]2)c2ccccc12,2.9714874942766514
Cc1cc2c(c(C)c1C)c1cccc(-c3cc(C4=[N+:1]C(c5cc[cH:1]cc5)=[CH:1]O4)cc[cH:1]3)c1n2C,3.2852699464261557
Cc1cccc2c1[nH]c1c(C)cc(-c3c[cH:1]ccc3C3=[N+:1]C(c4cc[cH:1]cc4)=[CH:1]O3)cc12,3.116776472346837
c1cc2[nH]c3cc([N+:1]4=C(c5cc[cH:1]cc5)O[CH:1]=C4c4cc[cH:1]cc4)ccc3c2cn1,2.9072663404304997
c1ccc2c(c1)Oc1ccc(-c3cc(C4=[CH:1]OC(c5cc[cH:1]cc5)=[N+:1]4)cc[cH:1]3)cc1O2,3.0967796341234894
CN1c2ccccc2Oc2ccc([N+:1]3=C(c4cc[cH:1]cc4)O[CH:1]=C3c3cc[cH:1]cc3)cc21,2.8698017423959374
O=c1c2ccccc2[nH]c2c(-c3cc(C4=[N+:1]C(c5cc[cH:1]cc5)=[CH:1]O4)cc[cH:1]3)cccc12,3.026843361829135
c1nc2c(-c3cc(C4=[N+:1]C(c5cc[cH:1]cc5)=[CH:1]O4)cc[cH:1]3)c3scnc3cc2s1,3.5742622690013324
c1cc2c3c(c1)C(c1cc(C4=[CH:1]OC(c5cc[cH:1]cc5)=[N+:1]4)cc[cH:1]1)CCN3CCC2,3.654292488272935
c1ccc(-c2c[cH:1]ccc2C2=[CH:1]OC(c3cc[cH:1]cc3)=[N+:1]2)c(-c2cc3c4c(c2)CCCN4CCC3)c1,3.101431468437662
c1ccc(C2(c3ccccc3-c3c[cH:1]ccc3C3=[CH:1]OC(c4cc[cH:1]cc4)=[N+:1]3)c3ccccc3Nc3ccccc32)cc1,3.1279606911872477
CC1(C)c2ccccc2Nc2cc3c4ccccc4n(-c4ccccc4-c4c[cH:1]ccc4C4=[CH:1]OC(c5cc[cH:1]cc5)=[N+:1]4)c3cc21,3.3777111110782787
N#Cc1cc(C2=[N+:1]C(c3cc[cH:1]cc3)=[CH:1]O2)cc[cH:1]1,3.212603888579463
CC(=O)c1ccccc1-c1cc(C2=[CH:1]OC(c3cc[cH:1]cc3)=[N+:1]2)cc[cH:1]1,2.90926997529362
O=Cc1ccc(C=O)c(-c2c[cH:1]ccc2C2=[N+:1]C(c3cc[cH:1]cc3)=[CH:1]O2)c1,3.2113425149052066
c1cc2[nH]cc(-c3c[cH:1]ccc3C3=[N+:1]C(c4cc[cH:1]cc4)=[CH:1]O3)c2cn1,3.1544170634281574
c1cnc2c(-c3cc(C4=[CH:1]OC(c5cc[cH:1]cc5)=[N+:1]4)cc[cH:1]3)ccnc2c1,3.078953312265373
c1cnc2nc(-c3c[cH:1]ccc3C3=[CH:1]OC(c4cc[cH:1]cc4)=[N+:1]3)ccc2c1,3.071050748162807
O=C1C=CC(=O)c2c1cccc2-c1c[cH:1]ccc1C1=[N+:1]C(c2cc[cH:1]cc2)=[CH:1]O1,3.1871246500280126
c1cc(-c2cc(C3=[N+:1]C(c4cc[cH:1]cc4)=[CH:1]O3)cc[cH:1]2)c2[nH]nnc2c1,3.3699182468601103
CC1c2ccccc2-c2c(-c3cc(C4=[N+:1]C(c5cc[cH:1]cc5)=[CH:1]O4)cc[cH:1]3)cccc21,3.513950921678946
c1cnc2c(c1)ccc1c(-c3c[cH:1]ccc3C3=[N+:1]C(c4cc[cH:1]cc4)=[CH:1]O3)ccnc12,3.058656557200413
c1ccc2c(c1)Oc1cc([N+:1]3=C(c4cc[cH:1]cc4)O[CH:1]=C3c3cc[cH:1]cc3)cc3c1B2c1ccccc1O3,3.549107626805853
c1ccc(-c2nc(-c3ccccc3)nc(-c3ccccc3-c3c[cH:1]ccc3C3=[N+:1]C(c4cc[cH:1]cc4)=[CH:1]O3)n2)cc1,2.8020568579835174
Fc1ccc(-c2nc(-c3ccc(F)cc3)nc(-c3cccc(-c4cc(C5=[N+:1]C(c6cc[cH:1]cc6)=[CH:1]O5)cc[cH:1]4)c3)n2)cc1,3.000365999831997
O=C(c1ccccc1)c1ccc(-c2nc(-c3ccc(F)cc3)nc(-c3ccc(F)cc3-c3cc(C4=[N+:1]C(c5cc[cH:1]cc5)=[CH:1]O4)cc[cH:1]3)n2)cc1,3.2478675994261064
Nc1cccc(-c2c[cH:1][cH:1]cc2/C=C/[CH2:1]c2ccccc2O)c1,2.1682359842252694
Oc1cccc(-c2ccc3sccc3c2)c1[CH2:1]/C=C/c1cc[cH:1][cH:1]c1,2.3558385542639595
Oc1ccccc1[CH2:1]/C=C/c1cc(-c2cccc3ncsc23)[cH:1][cH:1]c1,2.41550986403527
Oc1cc(-c2cc3[nH]c4ccncc4c3cn2)ccc1[CH2:1]/C=C/c1cc[cH:1][cH:1]c1,2.617920914365591
Oc1ccccc1[CH2:1]/C=C/c1cc(-c2cccc3c2oc2ccccc23)[cH:1][cH:1]c1,2.2884999841330327
Oc1cccc(-c2cnc3sc4ncccc4c3c2)c1[CH2:1]/C=C/c1cc[cH:1][cH:1]c1,2.693813937621403
Cc1cccc2c1[nH]c1c(C)ccc(/C(=C\c3cc[cH:1][cH:1]c3)[CH2:1]c3ccccc3O)c12,2.576426780525475
CN1c2ccccc2N(C)c2cc(-c3c[cH:1][cH:1]cc3/C=C/[CH2:1]c3ccccc3O)ccc21,2.519475886316531
CC1c2ccccc2Nc2c(-c3cccc(O)c3[CH2:1]/C=C/c3cc[cH:1][cH:1]c3)cccc21,3.091316326508231
Oc1ccc(-c2c[nH]c3cc4occc4cc23)cc1[CH2:1]/C=C/c1cc[cH:1][cH:1]c1,2.6185055984161387
Oc1ccccc1[CH2:1]/C=C/c1cc(-c2ccc3c4ccccc4c4nccnc4c3c2)[cH:1][cH:1]c1,2.4984813209074037
Oc1cc(-c2ccc3c4ccccc4c4[nH]cnc4c3c2)ccc1[CH2:1]/C=C/c1cc[cH:1][cH:1]c1,2.5516143578000037
Oc1ccccc1[CH2:1]/C=C(\c1ccc2c(c1)[nH]c1ccc3c4ccccc4[nH]c3c12)c1cc[cH:1][cH:1]c1,2.6177960742368462
C(=C/[CH2:1]c1ccccc1Oc1cccc2c1C(c1ccccc1)(c1ccccc1)c1ccccc1N2)\c1cc[cH:1][cH:1]c1,2.697243394737299
CC1(Cc2ccc([CH2:1]/C=C/c3cc[cH:1][cH:1]c3)c(O)c2)c2ccccc2Nc2c1ccc1c2c2ccccc2n1-c1ccccc1,3.4221401181918116
Oc1ccccc1[CH2:1]/C=C/c1c[cH:1][cH:1]cc1-c1ccno1,2.5040416353205064
CC(=O)c1ccc(/C(=C\c2cc[cH:1][cH:1]c2)[CH2:1]c2ccccc2O)cc1,2.0682223900227967
O=[SH](=O)c1ccccc1-c1ccc(O)c([CH2:1]/C=C/c2cc[cH:1][cH:1]c2)c1,2.7325512361766418
Oc1c(-c2cncc3cc[nH]c23)cccc1[CH2:1]/C=C/c1cc[cH:1][cH:1]c1,2.6031570573824627
C(=C/[CH2:1]c1ccccc1Oc1cnc2ccccc2n1)\c1cc[cH:1][cH:1]c1,2.169403453960701
Oc1cc(-c2ccc3sccc3c2)ccc1[CH2:1]/C=C/c1cc[cH:1][cH:1]c1,2.290984292309698
Oc1cccc(-c2ccc(-c3cnccn3)cc2)c1[CH2:1]/C=C/c1cc[cH:1][cH:1]c1,2.310355274041717
Oc1ccccc1[CH2:1]/C=C(\c1ccnc(-c2ccccn2)c1)c1cc[cH:1][cH:1]c1,2.3184544399360654
Oc1ccccc1[CH2:1]/C=C/c1cc[cH:1][cH:1]c1-c1c[nH]c2nc3occc3nc12,2.9670583324291133
Oc1ccc(-c2c3[nH]cnc3nc3nc[nH]c23)cc1[CH2:1]/C=C/c1cc[cH:1][cH:1]c1,2.890672604903626
N#Cc1cc(C#N)c(-c2ccc(O)c([CH2:1]/C=C/c3cc[cH:1][cH:1]c3)c2)c(C#N)c1,2.7404235062011235
C(=C/[CH2:1]c1ccccc1Oc1ccc2c(c1)B1c3ccccc3Oc3cccc(c31)O2)\c1cc[cH:1][cH:1]c1,3.091989044411796
Oc1ccccc1[CH2:1]/C=C/c1c[cH:1][cH:1]cc1-c1ccccc1-c1nc(-c2ccccc2)nc(-c2ccccc2)n1,2.4697253981681424
Nc1ccc(-c2cc3c(cc2N2[CH:1]=[CH:1][CH2:1][CH:1]=[CH:1]2)c2cc(N4[CH:1]=[CH:1][CH2:1][CH:1]=[CH:1]4)ccc2[cH:1][cH:1]3)cc1,3.364697246340036
c1ccc2c(c1)oc1nc(-c3cc(N4[CH:1]=[CH:1][CH2:1][CH:1]=[CH:1]4)cc4c5cc(N6[CH:1]=[CH:1][CH2:1][CH:1]=[CH:1]6)ccc5[cH:1][cH:1]c34)ccc12,3.518118273046783
Cc1c(Cc2cc3c(cc2N2[CH:1]=[CH:1][CH2:1][CH:1]=[CH:1]2)c2cc(N4[CH:1]=[CH:1][CH2:1][CH:1]=[CH:1]4)ccc2[cH:1][cH:1]3)cc2c(c1C)c1ccccc1n2C,3.657192589343193
c1ccc(-c2cc3c4c(c2)CC(c2cc(N5[CH:1]=[CH:1][CH2:1][CH:1]=[CH:1]5)cc5c6cc(N7[CH:1]=[CH:1][CH2:1][CH:1]=[CH:1]7)ccc6[cH:1][cH:1]c25)CN4CCC3)cc1,4.048953058234225
c1nc(-c2c(N3[CH:1]=[CH:1][CH2:1][CH:1]=[CH:1]3)ccc3c2c2cc(N4[CH:1]=[CH:1][CH2:1][CH:1]=[CH:1]4)ccc2[cH:1][cH:1]3)cs1,3.647150850004383
c1cnc2nc(-c3cc(N4[CH:1]=[CH:1][CH2:1][CH:1]=[CH:1]4)cc4c5cc(N6[CH:1]=[CH:1][CH2:1][CH:1]=[CH:1]6)ccc5[cH:1][cH:1]c34)ccc2c1,3.4847506992068933
c1ccc2c(c1)sc1cc(-c3c(N4[CH:1]=[CH:1][CH2:1][CH:1]=[CH:1]4)ccc4c3c3cc(N5[CH:1]=[CH:1][CH2:1][CH:1]=[CH:1]5)ccc3[cH:1][cH:1]4)ccc12,3.4576981547035874
c1cc2c(-c3cc4c(cc3N3[CH:1]=[CH:1][CH2:1][CH:1]=[CH:1]3)c3cc(N5[CH:1]=[CH:1][CH2:1][CH:1]=[CH:1]5)ccc3[cH:1][cH:1]4)c3occc3cc2o1,3.746875643000184
c1cnc2c(c1)ccc1cc(-c3cc4c(cc3N3[CH:1]=[CH:1][CH2:1][CH:1]=[CH:1]3)c3cc(N5[CH:1]=[CH:1][CH2:1][CH:1]=[CH:1]5)ccc3[cH:1][cH:1]4)cnc12,3.525226766850219
c1ccc(-c2nc(-c3ccccc3)nc(-c3ccccc3-c3cc(N4[CH:1]=[CH:1][CH2:1][CH:1]=[CH:1]4)cc4c5cc(N6[CH:1]=[CH:1][CH2:1][CH:1]=[CH:1]6)ccc5[cH:1][cH:1]c34)n2)cc1,3.383971699132264
O=c1[nH]cc(-c2cc(C=NN=Cc3ccccc3O)cc[cH:1]2)[nH]1,2.776631851045016
Oc1cccc(-c2cccnn2)c1C=NN=Cc1cc[cH:1]cc1,2.6414999539693085
Oc1ccccc1C=NN=Cc1cc[cH:1]c(-c2cc3ccccc3s2)c1,2.455704614338785
C(=NN=Cc1ccccc1Oc1coc2ccccc12)c1cc[cH:1]cc1,2.413969134434076
CC1(Cc2c[cH:1]ccc2C=NN=Cc2ccccc2O)c2ccccc2-c2ccccc21,2.7048990582715504
Cc1cc2c(c(C)c1C)c1c(-c3c[cH:1]ccc3C=NN=Cc3ccccc3O)cccc1n2C,2.8548023453968465
Cc1cccc2c1[nH]c1c(C)ccc(C(=NN=Cc3ccccc3O)c3cc[cH:1]cc3)c12,2.688946854058468
C(=NN=Cc1ccccc1Oc1cccc2c1[nH]c1ccncc12)c1cc[cH:1]cc1,2.566323263507421
Oc1ccccc1C=NN=Cc1cc[cH:1]cc1-c1cccc2c1Sc1ccccc1N2,2.7965356434017288
CC1(C)c2ccccc2Nc2cc(-c3cc(C=NN=Cc4ccccc4O)cc[cH:1]3)ccc21,2.720677103090427
CN1c2ccccc2Oc2c(-c3cccc(O)c3C=NN=Cc3cc[cH:1]cc3)cccc21,2.760410351233908
CC1c2ccccc2Nc2cc(-c3cc(C=NN=Cc4ccccc4O)cc[cH:1]3)ccc21,3.1367166954756875
Oc1ccccc1C=NN=Cc1cc[cH:1]cc1-c1cccc2c1CCc1ccccc1N2,2.671603523772456
Oc1ccccc1C(=NN=Cc1cc[cH:1]cc1)c1c2ncoc2cc2ncoc12,3.196060628140188
Oc1ccc(-c2cccc(N(c3ccccc3)c3ccccc3)c2)cc1C=NN=Cc1cc[cH:1]cc1,2.457321739226062
Oc1ccccc1C=NN=C(c1cc[cH:1]cc1)c1ccc2c3ccccc3c3nccnc3c2c1,2.6353893586473163
CC1(C)c2ccccc2Nc2cc3c4ccccc4n(-c4cccc(-c5ccc(C=NN=Cc6cc[cH:1]cc6)c(O)c5)c4)c3cc21,3.0522736073075407
CC1(C)c2ccccc2Nc2c1ccc1c2c2ccccc2n1-c1ccccc1C(=NN=Cc1ccccc1O)c1cc[cH:1]cc1,3.1278930944870273
CC(=O)c1ccc(-c2cc(C=NN=Cc3ccccc3O)cc[cH:1]2)cc1,2.255223335617508
O=C1C=C(c2cc(C=NN=Cc3ccccc3O)cc[cH:1]2)C(=O)N1,2.8170087237224593
Oc1ccc(-c2nccc3[nH]ccc23)cc1C=NN=Cc1cc[cH:1]cc1,2.6153166023507737
O=C1C=CC(=O)c2c1cccc2C(=NN=Cc1ccccc1O)c1cc[cH:1]cc1,2.694037998444303
Oc1c(C=NN=Cc2cc[cH:1]cc2)cccc1-c1cccc2[nH]nnc12,2.802468050902224
C(=NN=Cc1ccccc1Oc1nc2nc3nc[nH]c3cc2[nH]1)c1cc[cH:1]cc1,2.984143966614063
Oc1cc(-c2ccc3ccc4cccnc4c3n2)ccc1C=NN=Cc1cc[cH:1]cc1,2.5706175832010594
Oc1ccc(-c2cccc(-c3nc(-c4ccc(F)cc4)nc(-c4ccc(F)cc4)n3)c2)cc1C=NN=Cc1cc[cH:1]cc1,2.70810577615638
O=C(c1ccccc1)c1ccc(-c2nc(-c3ccc(F)cc3)nc(-c3ccc(F)cc3)n2)c(-c2cccc(C=NN=Cc3cc[cH:1]cc3)c2O)c1,2.9649033433600245
c1ccc2c(c1)oc1c(-c3c(-n4[cH:1][cH:1][cH:1][cH:1]4)c(-n4[cH:1][cH:1][cH:1][cH:1]4)cc(-n4[cH:1][cH:1][cH:1][cH:1]4)c3-n3[cH:1][cH:1][cH:1][cH:1]3)cccc12,3.123796398503565
O=C(c1ccc(-c2c(-n3[cH:1][cH:1][cH:1][cH:1]3)c(-n3[cH:1][cH:1][cH:1][cH:1]3)cc(-n3[cH:1][cH:1][cH:1][cH:1]3)c2-n2[cH:1][cH:1][cH:1][cH:1]2)cc1)C(F)(F)F,3.151158402373116
c1cc2[nH]c3c(-c4c(-n5[cH:1][cH:1][cH:1][cH:1]5)c(-n5[cH:1][cH:1][cH:1][cH:1]5)cc(-n5[cH:1][cH:1][cH:1][cH:1]5)c4-n4[cH:1][cH:1][cH:1][cH:1]4)cncc3c2cn1,3.471842533401812
CC1c2ccccc2-c2c(-c3c(-n4[cH:1][cH:1][cH:1][cH:1]4)c(-n4[cH:1][cH:1][cH:1][cH:1]4)cc(-n4[cH:1][cH:1][cH:1][cH:1]4)c3-n3[cH:1][cH:1][cH:1][cH:1]3)cccc21,3.6097520960107783
O=C(c1ccc(-c2nc(-c3ccc(F)cc3)nc(-c3ccc(F)cc3)n2)cc1)c1ccc(-c2c(-n3[cH:1][cH:1][cH:1][cH:1]3)c(-n3[cH:1][cH:1][cH:1][cH:1]3)cc(-n3[cH:1][cH:1][cH:1][cH:1]3)c2-n2[cH:1][cH:1][cH:1][cH:1]2)cc1,3.261879554489866
O=c1cc[nH]c2ccc(-c3ccsc3-c3ccc(-c4nc([CH3:1])c(-c5ccccc5)n[cH:1]4)cc3)cc12,2.6251316878826785
c1ccc(-c2n[cH:1]c(-c3ccc(-c4cccs4)cc3-c3cncc4[nH]c5ccccc5c34)nc2[CH3:1])cc1,2.7268102313329834
c1cc(-c2n[cH:1]c(-c3ccc(-c4cccs4)cc3)nc2[CH3:1])cc(-c2ccnc3sc4ccccc4c23)c1,2.6617106509134025
c1ccc(-c2n[cH:1]c(-c3ccc(-c4ccc(-c5ccnc6sc7ncccc7c56)s4)cc3)nc2[CH3:1])cc1,2.7947596019623546
Cc1cccc2c1[nH]c1c(C)ccc(-c3cccc(-c4n[cH:1]c(-c5ccc(-c6cccs6)cc5)nc4[CH3:1])c3)c12,2.704915719325202
CC1(C)c2ccccc2Nc2cccc(-c3ccc(-c4ccc(-c5nc([CH3:1])c(-c6ccccc6)n[cH:1]5)cc4)s3)c21,2.8041450212880896
c1ccc(-c2n[cH:1]c(-c3ccc(-c4cccs4)cc3C3Cc4cccc5c4N(CCC5)C3)nc2[CH3:1])cc1,3.225027567986607
c1ccc(-c2n[cH:1]c(-c3ccc(-c4cccs4)c(-c4ccccc4-c4cc5c6c(c4)CCCN6CCC5)c3)nc2[CH3:1])cc1,2.818437987694841
c1csc(-c2ccc(-c3nc([CH3:1])c(-c4ccc(-c5cccc6c7ccccc7c7nc[nH]c7c56)cc4)n[cH:1]3)cc2)c1,2.737546678928931
c1ccc(-c2n[cH:1]c(-c3ccc(-c4sccc4-c4nccs4)cc3)nc2[CH3:1])cc1,2.5275876406625493
CC(=O)c1cccc(-c2ccsc2-c2ccc(-c3nc([CH3:1])c(-c4ccccc4)n[cH:1]3)cc2)c1,2.3815804684750432
N#Cc1ccccc1-c1ccc(-c2n[cH:1]c(-c3ccc(-c4cccs4)cc3)nc2[CH3:1])cc1,2.332259287404119
O=C1C=C(c2ccccc2-c2n[cH:1]c(-c3ccc(-c4cccs4)cc3)nc2[CH3:1])C(=O)N1,2.6760775497562435
O=[SH](=O)c1ccccc1-c1ccccc1-c1n[cH:1]c(-c2ccc(-c3cccs3)cc2)nc1[CH3:1],2.8258545069365812
c1ccc(-c2n[cH:1]c(-c3ccc(-c4cc(-c5ccc6nccnc6c5)cs4)cc3)nc2[CH3:1])cc1,2.5287961723925516
c1ccc(-c2n[cH:1]c(-c3ccc(-c4cccs4)cc3-c3ccc4ncoc4c3)nc2[CH3:1])cc1,2.6580093342521227
c1ccc(-c2n[cH:1]c(-c3ccc(-c4ccc(-c5ccc6nn[nH]c6c5)s4)cc3)nc2[CH3:1])cc1,2.7119683609397214
c1ccc(-c2n[cH:1]c(-c3ccc(-c4ccc(-c5cccnc5-c5ccccn5)s4)cc3)nc2[CH3:1])cc1,2.5621410059406564
C1=CC2Nc3ncccc3C2C(c2ccsc2-c2ccc(-c3nc([CH3:1])c(-c4ccccc4)n[cH:1]3)cc2)=C1,3.8128778427630063
c1ccc(-c2n[cH:1]c(-c3ccc(-c4cc(-c5ccc6c(c5)sc5ccccc56)cs4)cc3)nc2[CH3:1])cc1,2.5786488327315844
O=S1(=O)c2ccccc2-c2c(-c3cccc(-c4n[cH:1]c(-c5ccc(-c6cccs6)cc5)nc4[CH3:1])c3)cccc21,2.80326713632925
c1ccc(-c2n[cH:1]c(-c3ccc(-c4cc(-c5coc6cc7ccoc7cc56)cs4)cc3)nc2[CH3:1])cc1,2.8290249743087372
c1ccc(-c2n[cH:1]c(-c3ccc(-c4cccs4)cc3-c3cnc4c(ccc5cccnc54)c3)nc2[CH3:1])cc1,2.6939303848582323
c1ccc(-c2n[cH:1]c(-c3ccc(-c4cccs4)c(-c4ccc5c(c4)B4c6ccccc6Oc6cccc(c64)O5)c3)nc2[CH3:1])cc1,3.3600846677588017
Fc1ccc(-c2nc(-c3ccc(F)cc3)nc(-c3ccccc3-c3cccc(-c4n[cH:1]c(-c5ccc(-c6cccs6)cc5)nc4[CH3:1])c3)n2)cc1,2.8471388316363466
O=C(c1ccc(-c2nc(-c3ccc(F)cc3)nc(-c3ccc(F)cc3)n2)cc1)c1cccc(-c2ccc(-c3n[cH:1]c(-c4ccc(-c5cccs5)cc4)nc3[CH3:1])cc2)c1,3.0559387180530955
O=C1C(=Cc2cc3c(cc2-c2cccc4[nH]nnc24)[NH:1][CH:1]=[CH:1]S3)[CH2:1][CH:1]=[CH:1]1,3.8059096093437805
CN(C)c1cccc2c([SH]3c4cc(C=C5C(=O)[CH:1]=[CH:1][CH2:1]5)ccc4[NH:1][CH:1]=[CH:1]3)cccc12,4.271089039997072
O=C1C(=Cc2cc3c(cc2-c2cccc4c2[nH]c2cnccc24)[NH:1][CH:1]=[CH:1]S3)[CH2:1][CH:1]=[CH:1]1,3.551758215970689
Cc1cc2c(c(C)c1C)c1ccccc1n2Cc1c(C=C2C(=O)[CH:1]=[CH:1][CH2:1]2)ccc2c1S[CH:1]=[CH:1][NH:1]2,3.502783133239343
O=C1C(=Cc2cc3c(c(-c4cccc5c4[nH]c4ccncc45)c2)[NH:1][CH:1]=[CH:1]S3)[CH2:1][CH:1]=[CH:1]1,3.5048150871893577
CN1c2ccccc2N(C)c2c(-c3cc(C=C4C(=O)[CH:1]=[CH:1][CH2:1]4)cc4c3[NH:1][CH:1]=[CH:1]S4)cccc21,3.5182213338596577
CC1c2ccccc2Nc2cccc(-c3cc4c(cc3C=C3C(=O)[CH:1]=[CH:1][CH2:1]3)S[CH:1]=[CH:1][NH:1]4)c21,4.013132571089438
O=C1C(=C(c2ccc3c(c2)S[CH:1]=[CH:1][NH:1]3)c2ccc3ncc4ccccc4c3c2)[CH2:1][CH:1]=[CH:1]1,3.2491077169803244
O=C1C(=Cc2cc3c(c(-c4coc5cc6ccoc6cc45)c2)[NH:1][CH:1]=[CH:1]S3)[CH2:1][CH:1]=[CH:1]1,3.677649179124087
CC1(C)c2cccc(-c3c(C=C4C(=O)[CH:1]=[CH:1][CH2:1]4)ccc4c3S[CH:1]=[CH:1][NH:1]4)c2Nc2c1ccc1c2c2ccccc2n1-c1ccccc1,3.733359761153693
O=Cc1ccc(C(=O)c2cc3c(cc2C=C2C(=O)[CH:1]=[CH:1][CH2:1]2)S[CH:1]=[CH:1][NH:1]3)cc1,3.4633431216013353
O=C1C(=C(c2ccc3c(c2)S[CH:1]=[CH:1][NH:1]3)c2ccc3ncccc3n2)[CH2:1][CH:1]=[CH:1]1,3.404237884914945
O=C1C(=Cc2cc3c(c(-c4cccc5sccc45)c2)[NH:1][CH:1]=[CH:1]S3)[CH2:1][CH:1]=[CH:1]1,3.4368053136394856
O=C1C(=Cc2cc3c(c(C4=CC5Nc6ncccc6C5C=C4)c2)[NH:1][CH:1]=[CH:1]S3)[CH2:1][CH:1]=[CH:1]1,4.726335095885036
CC1c2ccccc2-c2ccc(C(=C3C(=O)[CH:1]=[CH:1][CH2:1]3)c3ccc4c(c3)S[CH:1]=[CH:1][NH:1]4)cc21,3.768988177733929
O=C1C(=Cc2cc3c(c(-c4cc5nc6ccoc6nc5[nH]4)c2)[NH:1][CH:1]=[CH:1]S3)[CH2:1][CH:1]=[CH:1]1,3.9707819161544995
O=C1C(=Cc2ccc3c(c2)[SH](c2cccc4ncc5ccccc5c24)[CH:1]=[CH:1][NH:1]3)[CH2:1][CH:1]=[CH:1]1,4.199124834722426
N#Cc1cc2nc3c(nc2cc1C#N)-c1ccc([SH]2c4cc(C=C5C(=O)[CH:1]=[CH:1][CH2:1]5)ccc4[NH:1][CH:1]=[CH:1]2)c2cccc-3c12,4.531668488814242
O=c1[nH]cc(-c2ccc(C=C(c3ccccc3)c3ccccc3)cc2)[nH]1,2.2233032157373867
C(=C(c1ccccc1)c1ccccc1)c1cccc(-c2cc[nH]n2)c1,2.325137390022796
C(=C(c1ccccc1)c1ccccc1)c1ccc(-c2cccc3cc[nH]c23)cc1,2.140348210645893
C(=C(c1ccccc1)c1ccccc1)c1cccc(-c2ccc3sccc3c2)c1,2.115722746454912
C(=C(c1ccccc1)c1ccccc1-c1ccc2occc2c1)c1ccccc1,2.1722452928740097
CN(C)c1ccc2cccc(-c3cccc(C(=Cc4ccccc4)c4ccccc4)c3)c2c1,2.171573004161006
O=c1cc[nH]c2cc(-c3ccc(C=C(c4ccccc4)c4ccccc4)cc3)ccc12,2.1904262788532325
C(=C(c1ccccc1)c1ccccc1-c1cccc2c1oc1ncccc12)c1ccccc1,2.4068452412023156
C(=C(c1ccccc1)c1ccccc1-c1cnc2sc3ncccc3c2c1)c1ccccc1,2.5154564300135043
Cc1c(C)c(C(=C(c2ccccc2)c2ccccc2)c2ccccc2)c2c(c1C)c1ccccc1n2C,2.481101929046668
CN1c2ccccc2Oc2c(-c3ccccc3C(=Cc3ccccc3)c3ccccc3)cccc21,2.434476340895838
O=c1c2ccccc2[nH]c2ccc(-c3ccccc3C=C(c3ccccc3)c3ccccc3)cc12,2.265457405984595
CC1c2ccccc2N(c2ccccc2C(=Cc2ccccc2)c2ccccc2)c2ccccc21,2.409192465156192
C(=C(c1ccccc1)c1ccccc1-c1ccc2c(c1)Nc1ccccc1CC2)c1ccccc1,2.354765491360757
C(=C(c1ccccc1)c1cccc(-c2c3ncsc3cc3ncsc23)c1)c1ccccc1,2.6879636654728607
C(=C(c1ccccc1)c1ccccc1)c1ccccc1-c1cccc(-c2cc3c4c(c2)CCCN4CCC3)c1,2.5036946044077304
c1ccc(C(=C(c2ccccc2)c2ccc(N(c3ccccc3)c3ccccc3)cc2)c2ccccc2)cc1,1.7425855121512122
N#Cc1ccccc1C(=Cc1ccccc1)c1ccccc1,1.9421214636956314
C(=C(c1ccccc1)c1ccccc1)c1cccc(-c2cnoc2)c1,2.2410690823304886
c1ccc(C(=C(c2ccccc2)c2cncs2)c2ccccc2)cc1,2.2003152361766443
CC(=O)c1ccccc1-c1ccccc1C(=Cc1ccccc1)c1ccccc1,2.01148030613661
O=C1C=C(c2cccc(C(=Cc3ccccc3)c3ccccc3)c2)C(=O)N1,2.337655465246005
C(=C(c1ccccc1)c1cccc(-c2cncc3cc[nH]c23)c1)c1ccccc1,2.3685169109111452
C(=C(c1ccccc1)c1cccc(-c2cnc3cccnc3c2)c1)c1ccccc1,2.118192494276652
O=c1cc(-c2ccccc2C=C(c2ccccc2)c2ccccc2)[nH]c2ccccc12,2.241468920993702
O=C1c2ccccc2C(=O)N1c1cccc(C(=Cc2ccccc2)c2ccccc2)c1,2.045080711210174
c1ccc(C(=C(c2ccccc2)c2cccc3sccc23)c2ccccc2)cc1,2.1034717266386203
C(=C(c1ccccc1)c1ccccc1-c1cccc(-c2cnccn2)c1)c1ccccc1,2.2127203962420907
C(=C(c1ccccc1)c1ccc(-c2cccnc2-c2ccccn2)cc1)c1ccccc1,2.1561343385497835
C(=C(c1ccccc1)c1ccccc1-c1ccc2c(c1)sc1ccccc12)c1ccccc1,2.227822863579938
CC1c2ccccc2-c2cc(-c3cccc(C(=Cc4ccccc4)c4ccccc4)c3)ccc21,2.6974728914459547
C(=C(c1ccccc1)c1cccc(-c2cc3cc4occc4cc3o2)c1)c1ccccc1,2.434736261626705
N#Cc1cc(C#N)cc(-c2ccccc2C(=Cc2ccccc2)c2ccccc2)c1,2.3122123194514774
C(=C(c1ccccc1)c1ccccc1-c1cccc2c1Oc1cccc3c1B2c1ccccc1O3)c1ccccc1,3.1125705586078283
c1cnnc(-c2c[cH:1]ccc2-c2nc(-c3ccc([OH:1])cc3)[cH:1]nc2[CH3:1])c1,2.3556825259009067
c1cc(-c2c[cH:1]ccc2-c2nc(-c3ccc([OH:1])cc3)[cH:1]nc2[CH3:1])c2ncsc2c1,2.458901663602674
CN(Cc1cc(-c2nc(-c3cc[cH:1]cc3)c([CH3:1])n[cH:1]2)ccc1[OH:1])c1ccc2ccccc2c1,2.3775059492442736
Cc1cccc2c1[nH]c1c(C)c(-c3cc(-c4nc(-c5cc[cH:1]cc5)c([CH3:1])n[cH:1]4)ccc3[OH:1])ccc12,2.6230200795448493
c1ccc2c(c1)Nc1ccccc1[SH]2c1cc(-c2nc(-c3cc[cH:1]cc3)c([CH3:1])n[cH:1]2)ccc1[OH:1],3.3276654001153245
CN1c2ccccc2N(C)c2cc(-c3cc([OH:1])ccc3-c3nc(-c4cc[cH:1]cc4)c([CH3:1])n[cH:1]3)ccc21,2.6163184999958453
CC1c2ccccc2Nc2c(-c3cc(-c4nc(-c5cc[cH:1]cc5)c([CH3:1])n[cH:1]4)ccc3[OH:1])cccc21,3.1229198486408123
c1cc2cc3ccoc3c(-c3c[cH:1]ccc3-c3nc(-c4ccc([OH:1])cc4)[cH:1]nc3[CH3:1])c2[nH]1,2.797800858598883
c1cc2cc3oc(-c4c[cH:1]ccc4-c4nc(-c5ccc([OH:1])cc5)[cH:1]nc4[CH3:1])cc3cc2o1,2.680728681839472
c1ccc(N(c2ccccc2)c2ccc(-c3c[cH:1]ccc3-c3nc(-c4ccc([OH:1])cc4)[cH:1]nc3[CH3:1])cc2)cc1,2.384201133864895
c1ccc(C2(c3ccccc3)c3ccccc3Nc3cc(-c4cc([OH:1])ccc4-c4nc(-c5cc[cH:1]cc5)c([CH3:1])n[cH:1]4)ccc32)cc1,2.851124572616742
CC1(C)c2ccccc2Nc2cc3c4ccccc4n(-c4ccccc4-c4cc(-c5nc(-c6ccc([OH:1])cc6)[cH:1]nc5[CH3:1])cc[cH:1]4)c3cc21,3.0366537404839757
N#Cc1c[cH:1]ccc1-c1nc(-c2ccc([OH:1])cc2)[cH:1]nc1[CH3:1],2.213077203340603
c1cc(-c2cc([OH:1])ccc2-c2nc(-c3cc[cH:1]cc3)c([CH3:1])n[cH:1]2)no1,2.5219597714769595
c1noc(-c2cc([OH:1])ccc2-c2nc(-c3cc[cH:1]cc3)c([CH3:1])n[cH:1]2)n1,2.6865848505075167
CC(=O)c1ccc(-c2cc(-c3nc(-c4ccc([OH:1])cc4)[cH:1]nc3[CH3:1])cc[cH:1]2)cc1,2.1277813255990754
c1cnc2nc(-c3cc(-c4nc(-c5ccc([OH:1])cc5)[cH:1]nc4[CH3:1])cc[cH:1]3)cnc2n1,2.641275606164763
c1cc(-c2cnccn2)cc(-c2cc(-c3nc(-c4ccc([OH:1])cc4)[cH:1]nc3[CH3:1])cc[cH:1]2)c1,2.380359942068605
C1=CC2Nc3nccc(-c4cc(-c5nc(-c6cc[cH:1]cc6)c([CH3:1])n[cH:1]5)ccc4[OH:1])c3C2C=C1,3.727237802527803
c1ccc2c(c1)sc1cccc(-c3c[cH:1]ccc3-c3nc(-c4ccc([OH:1])cc4)[cH:1]nc3[CH3:1])c12,2.4294854545971685
c1cc2cc3occ(-c4cc(-c5nc(-c6ccc([OH:1])cc6)[cH:1]nc5[CH3:1])cc[cH:1]4)c3cc2o1,2.6735301548345607
c1nc2cc3nc(-c4c[cH:1]ccc4-c4nc(-c5ccc([OH:1])cc5)[cH:1]nc4[CH3:1])[nH]c3cc2[nH]1,2.7032522497609115
c1ccc2c(c1)Oc1cccc3c1B2c1cccc(-c2cc(-c4nc(-c5cc[cH:1]cc5)c([CH3:1])n[cH:1]4)ccc2[OH:1])c1O3,3.269643828575111
Cc1ccc(N(c2ccccc2)c2ccccc2Nc2ccccc2)cc1,1.880550000299559
Cc1ccc(N(c2ccccc2)c2ccccc2-c2ccc(F)c(F)c2F)cc1,2.1351381374619116
Cc1ccc(N(c2ccccc2)c2ccccc2-c2ccc3sccc3c2)cc1,2.1564785172278427
Cc1ccc(N(c2ccccc2)c2ccc(-c3cccc4ocnc34)cc2)cc1,2.239408928676861
Cc1ccc(N(c2ccccc2)c2ccccc2-c2ccc3scnc3c2)cc1,2.2365575869952856
Cc1ccc(N(c2ccccc2)c2ccccc2)cc1-c1cccc2cc(N(C)C)ccc12,2.2056636415519666
Cc1ccc(N(c2ccccc2)c2ccccc2-c2cccc3c2[nH]c2cnccc23)cc1,2.379461453561385
Cc1ccc(N(c2ccccc2)c2ccccc2)c(-c2ccc3oc4ccccc4c3c2)c1,2.1966300563871304
Cc1ccc(N(c2ccccc2)c2ccccc2-c2cccc3oc4ncccc4c23)cc1,2.4090696168266916
Cc1ccc(N(c2ccccc2)c2ccccc2)c(-c2cnc3sc4ncccc4c3c2)c1,2.538005566591213
Cc1ccc(N(c2ccccc2)c2cccc(-c3cccc4c3C(C)(C)c3ccccc3-4)c2)cc1,2.339409990391138
Cc1ccc(N(c2ccccc2)c2ccccc2-c2ccc3[nH]c4ccncc4c3c2)cc1,2.3388484237340705
Cc1ccc(N(c2ccccc2)c2ccccc2-c2ccc3c(c2)Sc2ccccc2N3)cc1,2.3920852813034426
Cc1ccc(N(c2ccccc2)c2cccc(-c3ccc4c(c3)Oc3ccccc3O4)c2)cc1,2.3236647177086223
Cc1ccc(N(c2ccccc2)c2ccc(-c3cccc4c3N(C)c3ccccc3N4C)cc2)cc1,2.422137768803962
Cc1ccc(N(c2ccccc2)c2cccc(-c3ccc4[nH]c5ccccc5c(=O)c4c3)c2)cc1,2.2260357954256236
Cc1ccc(N(c2ccccc2)c2cccc(-c3ccc4c(c3)ncc3ccccc34)c2)cc1,2.183050856322483
c1ccc(N(c2ccccc2)c2ccc(Cc3c4[nH]ccc4cc4ccoc34)cc2)cc1,2.5641271270113215
Cc1ccc(N(c2ccccc2)c2ccccc2)c(-c2ccc3c(c2)C2c4ccccc4NC2N3)c1,3.3571687101750705
Cc1ccc(N(c2ccccc2)c2ccccc2)c(C2Cc3cccc4c3N(CCC4)C2)c1,2.9043866594885923
Cc1ccc(N(c2ccccc2)c2cccc(-c3ccc4c(c3)c3ccccc3c3[nH]cnc43)c2)cc1,2.4492061753889267
Cc1ccc(N(c2ccccc2)c2ccc(-c3cccc4c3c3cc5c(cc3n4-c3ccccc3)C(C)(C)c3ccccc3N5)cc2)cc1,2.8929868093381987
CC(=O)c1ccccc1-c1cccc(N(c2ccccc2)c2ccc(C)cc2)c1,1.9604786577849609
Cc1ccc(N(c2ccccc2)c2ccccc2)cc1-c1ccccc1C#N,2.0467300587339583
Cc1ccc(N(c2ccccc2)c2ccccc2)cc1-c1ccccc1C(=O)C(F)(F)F,2.2504428920155473
Cc1ccc(N(c2ccccc2)c2ccccc2)cc1C1=CC(=O)NC1=O,2.376523003258141
Cc1ccc(N(c2ccccc2)c2ccc(-c3cccc4nccnc34)cc2)cc1,2.118799529713126
c1ccc(N(c2ccccc2)c2ccc(Cc3cnc4nccnc4n3)cc2)cc1,2.438787878892036
Cc1ccc(N(c2ccccc2)c2ccccc2)c(C2=CC(=O)c3ccccc3C2=O)c1,2.3396262585249676
Cc1ccc(N(c2ccccc2)c2ccccc2-c2cccc3c2C(=O)NC3=O)cc1,2.306594472833165
Cc1ccc(N(c2ccccc2)c2ccccc2-c2cccc3sccc23)cc1,2.139830932254677
N#Cc1cccc(Cc2ccc(N(c3ccccc3)c3ccccc3)cc2)c1C#N,2.2473037530179116
Cc1ccc(N(c2ccccc2)c2ccccc2)cc1C1=CC=CC2Nc3ncccc3C12,3.535000459311373
Cc1ccc(N(c2ccccc2)c2ccc(-c3ccc4c(c3)C(C)c3ccccc3-4)cc2)cc1,2.6463418556500677
Cc1ccc(N(c2ccccc2)c2ccccc2-c2c3ccoc3cc3ccoc23)cc1,2.5955546168898636
Cc1ccc(N(c2ccccc2)c2ccccc2-c2cc3cccnc3c3ncccc23)cc1,2.340084062720047
Cc1ccc(N(c2ccccc2)c2cccc(-c3cccc4c3cnc3ccccc34)c2)cc1,2.1917396605875243
Cc1ccc(N(c2ccccc2)c2cccc(-c3ccc(C#N)cc3C#N)c2)cc1,2.2425875605896497
Cc1ccc(N(c2ccccc2)c2ccc(-c3ccc(C#N)c(C#N)c3C#N)cc2)cc1,2.4470970266768735
Cc1ccc(N(c2ccccc2)c2ccccc2-c2c(C#N)cc(C#N)cc2C#N)cc1,2.6155354882153343
Cc1ccc(N(c2ccccc2)c2cccc(-c3cccc4c3B3c5ccccc5Oc5cccc(c53)O4)c2)cc1,3.0955423914131694
Cc1ccc(N(c2ccccc2)c2cccc(-c3cccc(-c4nc(-c5ccc(F)cc5)nc(-c5ccc(F)cc5)n4)c3)c2)cc1,2.4302809596227934
Cc1ccc(N(c2ccccc2)c2cccc(-c3ccc(C(=O)c4ccc(-c5nc(-c6ccc(F)cc6)nc(-c6ccc(F)cc6)n5)cc4)cc3)c2)cc1,2.656662985954121
N#C/[CH:1]=C\c1cc2c(cc1-c1c[nH]c(=O)[nH]1)N(C[CH3:1])[CH:1]=[CH:1]S2,3.9234420385054385
N#C/[CH:1]=C\c1cc2c(cc1-c1cccc(N)c1)N(C[CH3:1])[CH:1]=[CH:1]S2,3.3628607519948126
N#C/[CH:1]=C(\c1ccc2c(c1)S[CH:1]=[CH:1]N2C[CH3:1])c1cccc2ncoc12,3.489496757778329
N#C/[CH:1]=C\c1cc2c(cc1-c1cccc3oc4ccccc4c13)N(C[CH3:1])[CH:1]=[CH:1]S2,3.295564469032538
CC1(C)c2ccccc2-c2ccc(C(N3c4ccc(/C=[CH:1]\C#N)cc4S[CH:1]=[CH:1]3)[CH3:1])cc21,3.655905823787098
Cc1cc2c(c(C)c1C)c1ccc([SH]3c4cc(/C=[CH:1]\C#N)ccc4N(C[CH3:1])[CH:1]=[CH:1]3)cc1n2C,4.361688533190928
CN1c2ccccc2N(C)c2cc(-c3cc(/C=[CH:1]\C#N)cc4c3N(C[CH3:1])[CH:1]=[CH:1]S4)ccc21,3.3396757892186795
N#C/[CH:1]=C\c1cc2c(cc1-c1ccc3c(c1)Nc1ccccc1CC3)N(C[CH3:1])[CH:1]=[CH:1]S2,3.337409198107892
N#C/[CH:1]=C(\c1ccc2c(c1)S[CH:1]=[CH:1]N2C[CH3:1])c1coc2cc3ccoc3cc12,3.5665497585463397
N#C/[CH:1]=C\c1ccc2c(c1)[SH](C1Cc3cccc4c3N(CCC4)C1)[CH:1]=[CH:1]N2C[CH3:1],4.56827860452673
N#C/[CH:1]=C\c1ccc2c(c1)[SH](c1ccc(N(c3ccccc3)c3ccccc3)cc1)[CH:1]=[CH:1]N2C[CH3:1],3.9285291576071186
N#C/[CH:1]=C\c1cc2c(c(-c3ccc4c(c3)c3ccccc3c3[nH]cnc43)c1)N(C[CH3:1])[CH:1]=[CH:1]S2,3.368121933582101
CC1(C)c2ccccc2Nc2c1cc(-c1c(/C=[CH:1]\C#N)ccc3c1S[CH:1]=[CH:1]N3C[CH3:1])c1c2c2ccccc2n1-c1ccccc1,3.627197523036143
N#C/[CH:1]=C\c1ccc2c(c1)[SH](C1=CC(=O)NC1=O)[CH:1]=[CH:1]N2C[CH3:1],4.6778835539523635
N#C/[CH:1]=C\c1ccc2c(c1)S[CH:1]=[CH:1]N2C(c1cccc2c1C(=O)C=CC2=O)[CH3:1],3.9219763848127904
N#C/[CH:1]=C\c1ccc2c(c1)[SH](c1cccc(-c3ccccn3)n1)[CH:1]=[CH:1]N2C[CH3:1],4.17851699456889
N#C/[CH:1]=C\c1cc2c(c(-c3cnc4c(c3)C3C=CC=CC3N4)c1)N(C[CH3:1])[CH:1]=[CH:1]S2,4.629537247060668
N#C/[CH:1]=C\c1cc2c(cc1-c1cccc3[nH]c4cnccc4c13)N(C[CH3:1])[CH:1]=[CH:1]S2,3.4655463694850264
N#C/[CH:1]=C\c1ccc2c(c1)S[CH:1]=[CH:1]N2C(c1ccc2c(c1)ncc1ccccc12)[CH3:1],3.5928783274337732
Fc1ccc(/C(=C2/N=[CH:1]O[CH2:1]2)c2ccc(-c3ccccc3)cc2)c(F)c1F,2.7752815831397957
C(=C1\N=[CH:1]O[CH2:1]1)\c1ccc(-c2ccccc2)cc1-c1cccc2c1[nH]c1cnccc12,3.0021955150167887
C(=C1\N=[CH:1]O[CH2:1]1)\c1ccc(-c2ccccc2-c2ccc3c(c2)oc2ccccc23)cc1,2.7147687160093454
C(=C1\N=[CH:1]O[CH2:1]1)\c1ccc(-c2cccc(-c3ccnc4oc5ccccc5c34)c2)cc1,2.9454173512450765
c1ccc(-c2ccc(/C(=C3\N=[CH:1]O[CH2:1]3)c3ccc4c(n3)sc3ccccc34)cc2)cc1,2.910419336356739
Cc1cc2c(c(C)c1C)c1ccc(-c3cccc(-c4ccc(/C=C5\N=[CH:1]O[CH2:1]5)cc4)c3)cc1n2C,3.0125466598951913
CC1(C)c2ccccc2Nc2ccc(-c3ccccc3-c3ccc(/C=C4\N=[CH:1]O[CH2:1]4)cc3)cc21,2.937857400115325
O=c1c2ccccc2[nH]c2cc(-c3ccccc3-c3ccc(/C=C4\N=[CH:1]O[CH2:1]4)cc3)ccc12,2.770255017140663
CC1c2ccccc2N(/C(=C2/N=[CH:1]O[CH2:1]2)c2ccc(-c3ccccc3)cc2)c2ccccc21,2.948874640374571
c1ccc(-c2ccc(/C(=C3\N=[CH:1]O[CH2:1]3)c3cccc4c3cnc3ccccc34)cc2)cc1,2.7211511654728593
C(=C1\N=[CH:1]O[CH2:1]1)\c1ccc(-c2ccccc2)c(-c2cccc3c2CCc2ccccc2N3)c1,2.9297543321114077
C(=C1\N=[CH:1]O[CH2:1]1)\c1ccc(-c2ccccc2)cc1-c1coc2nc3[nH]ccc3nc12,3.49275557119973
C(=C1\N=[CH:1]O[CH2:1]1)\c1ccc(-c2ccccc2-c2ccc3c(c2)C2c4ccccc4NC2N3)cc1,3.8310331464692453
C(=C1\N=[CH:1]O[CH2:1]1)\c1ccc(-c2ccccc2)c(C2CCc3cccc4c3N2CCC4)c1,3.517389901072624
C(=C1\N=[CH:1]O[CH2:1]1)\c1ccc(-c2ccc(C3CCN4CCCc5cc(-c6ccccc6)cc3c54)cc2)cc1,3.402060930299971
C(=C1\N=[CH:1]O[CH2:1]1)\c1ccc(-c2ccc(-c3nccs3)cc2)cc1,2.8096106759838673
C(=C1\N=[CH:1]O[CH2:1]1)\c1ccc(-c2ccccc2)cc1-c1ncon1,3.21008759906079
CC(=O)c1cccc(-c2cc(-c3ccccc3)ccc2/C=C2\N=[CH:1]O[CH2:1]2)c1,2.7083608206500944
O=C1C=CC(=O)N1c1cc(-c2ccccc2)ccc1/C=C1\N=[CH:1]O[CH2:1]1,3.1122137230048823
C(=C1\N=[CH:1]O[CH2:1]1)\c1ccc(-c2ccccc2-c2ccc3nccnc3c2)cc1,2.7583025996077186
C(=C1\N=[CH:1]O[CH2:1]1)\c1ccc(-c2ccccc2)c(-c2ccnc3cccnc23)c1,2.870011390816508
C(=C1\N=[CH:1]O[CH2:1]1)\c1ccc(-c2ccccc2)c(-c2ccnc3ncccc23)c1,2.8947877644428814
C(=C1\N=[CH:1]O[CH2:1]1)\c1ccc(-c2cccc(-c3cnc4nccnc4n3)c2)cc1,3.0745800721351912
C(=C1\N=[CH:1]O[CH2:1]1)\c1ccc(-c2ccccc2)c(-c2ccc3ccsc3c2)c1,2.882978953291012
N#Cc1ccc(-c2cc(/C=C3\N=[CH:1]O[CH2:1]3)ccc2-c2ccccc2)cc1C#N,2.956219739784615
C(=C1\N=[CH:1]O[CH2:1]1)\c1ccc(-c2cccc(-c3ccnc(-c4ccccn4)c3)c2)cc1,2.7737663404305
C1=CC2Nc3nc(-c4cc(/C=C5\N=[CH:1]O[CH2:1]5)ccc4-c4ccccc4)ccc3C2C=C1,4.15640906373533
O=S1(=O)c2ccccc2-c2cccc(-c3cc(-c4ccccc4)ccc3/C=C3\N=[CH:1]O[CH2:1]3)c21,3.1149214577692534
C(=C1\N=[CH:1]O[CH2:1]1)\c1ccc(-c2ccc(-c3cncc4[nH]c5ccccc5c34)cc2)cc1,2.8857359616669136
C(=C1\N=[CH:1]O[CH2:1]1)\c1ccc(-c2cccc(-c3coc4cc5ccoc5cc34)c2)cc1,3.071606340430499
C(=C1\N=[CH:1]O[CH2:1]1)\c1ccc(-c2cccc(-c3nc4cc5ncoc5nc4o3)c2)cc1,3.371980186584344
C(=C1\N=[CH:1]O[CH2:1]1)\c1ccc(-c2ccccc2)c(-c2cnc3c(ccc4cccnc43)c2)c1,2.910573761626706
C(=C1\N=[CH:1]O[CH2:1]1)\c1ccc(-c2ccccc2)c(-c2cc3c4c(c2)Oc2ccccc2B4c2ccccc2O3)c1,3.5684981547035886
c1ccc(-c2cc(-c3cc[cH:1]cc3)c([CH3:1])cc2[CH3:1])c(-c2ccnnc2)c1,2.1469863720547533
Fc1ccc(-c2ccc(-c3cc(-c4cc[cH:1]cc4)c([CH3:1])cc3[CH3:1])cc2)c(F)c1F,2.044030587562501
c1ccc(-c2cc(-c3cc[cH:1]cc3-c3cccc4cc[nH]c34)c([CH3:1])cc2[CH3:1])cc1,2.19952736496014
c1ccc(-c2cc(-c3cc[cH:1]cc3)c([CH3:1])c(-c3ccc4ccoc4c3)c2[CH3:1])cc1,2.2735847405257523
c1ccc(-c2cc(-c3cc[cH:1]cc3)c([CH3:1])c(-c3cccc4ocnc34)c2[CH3:1])cc1,2.4049260979918134
CN(C)c1ccc2cc(-c3c[cH:1]ccc3-c3cc(-c4ccccc4)c([CH3:1])cc3[CH3:1])ccc2c1,2.156822259973019
CC1(C)c2ccccc2-c2cc(-c3ccccc3-c3cc(-c4cc[cH:1]cc4)c([CH3:1])cc3[CH3:1])ccc21,2.277810787846448
CN1c2ccccc2N(C)c2cc(-c3ccccc3-c3cc(-c4cc[cH:1]cc4)c([CH3:1])cc3[CH3:1])ccc21,2.334287822958723
c1ccc(-c2cc(-c3cc[cH:1]c(-c4c5ncsc5cc5ncsc45)c3)c([CH3:1])cc2[CH3:1])cc1,2.7116571597445454
c1ccc(-c2coc3cc4ccoc4cc23)c(-c2cc(-c3cc[cH:1]cc3)c([CH3:1])cc2[CH3:1])c1,2.471950776765823
c1ccc(-c2cc(-c3cc[cH:1]cc3)c([CH3:1])cc2[CH3:1])c(-c2ccc3c(c2)c2ccccc2c2nccnc32)c1,2.411374977875834
CC1(C)c2ccccc2N(c2ccc(-c3cc(-c4cc[cH:1]cc4)c([CH3:1])cc3[CH3:1])cc2)c2cc3c4ccccc4n(-c4ccccc4)c3cc21,2.7795384096609546
CC(=O)c1ccccc1-c1c[cH:1]ccc1-c1cc(-c2ccccc2)c([CH3:1])cc1[CH3:1],1.9645018075267853
c1cc(-c2cc(-c3cc[cH:1]cc3)c([CH3:1])cc2[CH3:1])cc(-c2c[nH]c3ccncc23)c1,2.238747817448827
c1ccc(-c2cc(-c3cc[cH:1]cc3-c3ccnc4ncccc34)c([CH3:1])cc2[CH3:1])cc1,2.204538018752178
O=C1C=CC(=O)c2c1cccc2-c1ccccc1-c1cc(-c2cc[cH:1]cc2)c([CH3:1])cc1[CH3:1],2.3486538828641645
c1ccc(-c2cc(-c3cc[cH:1]c(-c4cccc5sccc45)c3)c([CH3:1])cc2[CH3:1])cc1,2.109501301611722
c1ccc(-c2cncc(-c3c(-c4ccccc4)c([CH3:1])cc([CH3:1])c3-c3cc[cH:1]cc3)n2)cc1,2.162629417027677
c1ccc(-c2cccc(-c3ccccc3-c3cc(-c4cc[cH:1]cc4)c([CH3:1])cc3[CH3:1])n2)nc1,2.183560433066967
C1=CC2Nc3nc(-c4ccc(-c5cc(-c6cc[cH:1]cc6)c([CH3:1])cc5[CH3:1])cc4)ccc3C2C=C1,3.461924083257382
c1ccc(-c2cc(-c3cc[cH:1]c(-c4c5ccoc5cc5ccoc45)c3)c([CH3:1])cc2[CH3:1])cc1,2.5529168978787506
c1ccc(-c2cc(-c3cc[cH:1]cc3-c3ccnc4c3ccc3cccnc34)c([CH3:1])cc2[CH3:1])cc1,2.3093334001153245
c1ccc(-c2c([CH3:1])cc([CH3:1])c(-c3cc[cH:1]cc3)c2-c2cccc3c2ncc2ccccc23)cc1,2.2727310924230153
N#C/C(=C\c1ccccc1)c1cc[cH:1]cc1-c1ccn[nH]1,2.3277867966108303
N#C/C(=C\c1ccc(-c2cccnn2)cc1)c1cc[cH:1]cc1,2.1219446589619047
N#C/C(=C\c1ccccc1-c1ccccc1N)c1cc[cH:1]cc1,2.0748653757292868
N#C/C(=C\c1ccccc1)c1cc[cH:1]cc1-c1cc(F)c(F)c(F)c1,2.2113127746381824
N#C/C(=C\c1ccccc1)c1cc[cH:1]cc1-c1cccc2cc[nH]c12,2.3206749368003425
N#C/C(=C\c1cccc(-c2coc3ccccc23)c1)c1cc[cH:1]cc1,2.168917348442756
N#C/C(=C(\c1ccccc1)c1cncc2c1[nH]c1ccncc12)c1cc[cH:1]cc1,2.659111612040009
N#C/C(=C\c1ccc(-c2cncc3[nH]c4ccccc4c23)cc1)c1cc[cH:1]cc1,2.361506245313711
N#C/C(=C\c1ccccc1)c1cc[cH:1]cc1-c1ccnc2sc3ncccc3c12,2.5962710038110295
Cc1cc2c(c(C)c1Cc1cc(/C(C#N)=C/c3ccccc3)cc[cH:1]1)c1ccccc1n2C,2.5064871992442725
N#C/C(=C\c1ccccc1)c1cc[cH:1]c(-c2cccc3[nH]c4ccncc4c23)c1,2.427510538694749
N#C/C(=C\c1ccccc1)c1cc[cH:1]cc1-c1ccc2c(c1)Nc1ccccc1S2,2.4226899359361163
N#C/C(=C\c1ccccc1)c1cc[cH:1]c(-c2cccc3[nH]c4ccccc4c(=O)c23)c1,2.331700660491663
N#C/C(=C\c1ccccc1-c1c[nH]c2nc3occc3nc12)c1cc[cH:1]cc1,2.8886607420676675
N#C/C(=C\c1cccc(N2c3ccccc3C3c4ccccc4NC32)c1)c1cc[cH:1]cc1,3.353282022210206
N#C/C(=C(\c1ccccc1)c1ccccc1N(c1ccccc1)c1ccccc1)c1cc[cH:1]cc1,2.285217035767472
N#C/C(=C\c1ccccc1)c1cc[cH:1]cc1-c1cccc2c3nccnc3c3ccccc3c12,2.490107825096283
N#C/C(=C\c1cccc(-c2ccc3c(c2)c2ccccc2c2nc[nH]c32)c1)c1cc[cH:1]cc1,2.486870872713661
CC1(C)c2ccccc2Nc2c1ccc1c2c2cccc(-c3c[cH:1]ccc3/C(C#N)=C/c3ccccc3)c2n1-c1ccccc1,2.99214057006545
N#C/C(=C\c1cccc(C#N)c1)c1cc[cH:1]cc1,2.0412098046901406
N#C/C(=C\c1ccc(-c2ccno2)cc1)c1cc[cH:1]cc1,2.240665456660457
N#C/C(=C\c1cccc(CC(=O)c2ccccc2)c1)c1cc[cH:1]cc1,1.9668693605180536
N#C/C(=C\c1ccccc1)c1cc[cH:1]cc1-c1ccccc1C#N,2.1174703864076
N#C/C(=C\c1cccc(-c2cccc(C(=O)C(F)(F)F)c2)c1)c1cc[cH:1]cc1,2.2782219555682133
N#C/C(=C\c1ccccc1-c1ccccc1[SH](=O)=O)c1cc[cH:1]cc1,2.7090146977151033
N#C/C(=C\c1ccc(-c2cc(C=O)ccc2C=O)cc1)c1cc[cH:1]cc1,2.339258412540584
N#C/C(=C\c1ccccc1)c1cc[cH:1]c(-c2ccc3ncccc3n2)c1,2.140211907046078
N#C/C(=C\c1ccccc1-c1nc2ccccc2o1)c1cc[cH:1]cc1,2.171927951353357
N#C/C(=C\c1ccc(-c2ccc3sccc3c2)cc1)c1cc[cH:1]cc1,2.1467279513533573
N#C/C(=C\c1ccccc1-c1cnc2c(c1)C1C=CC=CC1N2)c1cc[cH:1]cc1,3.6585193958557856
N#C/C(=C\c1cccc(-c2cccc3[nH]c4cnccc4c23)c1)c1cc[cH:1]cc1,2.4249264599827622
N#C/C(=C\c1ccccc1-c1c2nc[nH]c2cc2[nH]cnc12)c1cc[cH:1]cc1,2.836857776358677
N#C/C(=C\c1ccccc1-c1ccc2c(cnc3ccccc32)c1)c1cc[cH:1]cc1,2.2602776628159784
N#C/C(=C\c1cccc(-c2c(C#N)cc(C#N)cc2C#N)c1)c1cc[cH:1]cc1,2.6805890831242003
N#C/C(=C\c1ccccc1)c1cc[cH:1]cc1-c1cccc(-c2nc(-c3ccccc3)nc(-c3ccccc3)n2)c1,2.4001537110317486
O=c1[nH]cc(-c2cc(-c3nc([CH3:1])c(-c4ccc([CH3:1])cc4)nc3[CH3:1])ccc2[CH3:1])[nH]1,2.653699852354972
c1cc(-c2cc([CH3:1])ccc2-c2nc([CH3:1])c(-c3ccc([CH3:1])cc3)nc2[CH3:1])[nH]n1,2.5040822055942655
c1ccc2sc(-c3cc(-c4nc([CH3:1])c(-c5ccc([CH3:1])cc5)nc4[CH3:1])ccc3[CH3:1])nc2c1,2.3670954062817398
c1cnc2sc3nc(-c4cc([CH3:1])ccc4-c4nc([CH3:1])c(-c5ccc([CH3:1])cc5)nc4[CH3:1])ccc3c2c1,2.7376977642363958
CC1(C)c2ccccc2-c2c(-c3cc([CH3:1])ccc3-c3nc([CH3:1])c(-c4ccc([CH3:1])cc4)nc3[CH3:1])cccc21,2.6020532083559598
O=c1c2ccccc2[nH]c2cc(-c3cc(-c4nc([CH3:1])c(-c5ccc([CH3:1])cc5)nc4[CH3:1])ccc3[CH3:1])ccc12,2.5173483234295677
c1nc2c(-c3cc(-c4nc([CH3:1])c(-c5ccc([CH3:1])cc5)nc4[CH3:1])ccc3[CH3:1])c3scnc3cc2s1,2.975846555531337
c1cc2cc3cc(-c4cc([CH3:1])ccc4-c4nc([CH3:1])c(-c5ccc([CH3:1])cc5)nc4[CH3:1])oc3cc2[nH]1,2.752144985672624
c1ccc2c(c1)NC1Nc3ccc(-c4cc([CH3:1])ccc4-c4nc([CH3:1])c(-c5ccc([CH3:1])cc5)nc4[CH3:1])cc3C21,3.5781251167783843
c1ccc(C2(c3cccc(-c4cc([CH3:1])ccc4-c4nc([CH3:1])c(-c5ccc([CH3:1])cc5)nc4[CH3:1])c3)c3ccccc3Nc3ccccc32)cc1,2.901110224508214
c1nc(-c2cc(-c3nc([CH3:1])c(-c4ccc([CH3:1])cc4)nc3[CH3:1])ccc2[CH3:1])no1,2.605808279520339
O=C1C=CC(=O)N1c1cc([CH3:1])ccc1-c1nc([CH3:1])c(-c2ccc([CH3:1])cc2)nc1[CH3:1],2.5802803061366113
O=Cc1ccc(C=O)c(-c2cc(-c3nc([CH3:1])c(-c4ccc([CH3:1])cc4)nc3[CH3:1])ccc2[CH3:1])c1,2.601812511626706
c1cc(-c2cc([CH3:1])ccc2-c2nc([CH3:1])c(-c3ccc([CH3:1])cc3)nc2[CH3:1])c2nccnc2c1,2.482747862797275
c1cc(-c2cc([CH3:1])ccc2-c2nc([CH3:1])c(-c3ccc([CH3:1])cc3)nc2[CH3:1])c2ncoc2c1,2.6079702550284996
O=S1(=O)c2ccccc2-c2c(-c3cc(-c4nc([CH3:1])c(-c5ccc([CH3:1])cc5)nc4[CH3:1])ccc3[CH3:1])cccc21,2.767720461103213
c1cc2cc3oc(-c4cc([CH3:1])ccc4-c4nc([CH3:1])c(-c5ccc([CH3:1])cc5)nc4[CH3:1])cc3cc2o1,2.761173243129454
c1cnc2c(c1)ccc1c(-c3cc(-c4nc([CH3:1])c(-c5ccc([CH3:1])cc5)nc4[CH3:1])ccc3[CH3:1])ccnc12,2.585398973368628
