new_smiles,Label
O=c1[nH]cc(-c2ccccc2C(=C(c2ccccc2)c2ccc(N(c3ccccc3)c3ccccc3)cc2)c2ccccc2)[nH]1,0.9782586693763733
c1ccc(C(=C(c2ccccc2)c2ccccc2-c2cn[nH]c2)c2ccc(N(c3ccccc3)c3ccccc3)cc2)cc1,0.9623866081237793
c1ccc(C(=C(c2ccc(N(c3ccccc3)c3ccccc3)cc2)c2ccccc2-c2cccc3[nH]ccc23)c2ccccc2)cc1,0.9600156545639038
c1ccc(C(=C(c2ccccc2)c2ccc(N(c3ccccc3)c3ccc(-c4nc5ccccc5o4)cc3)cc2)c2ccccc2)cc1,0.9715315103530884
c1ccc(C(=C(c2ccccc2)c2ccccc2-c2ccc3ncsc3c2)c2ccc(N(c3ccccc3)c3ccccc3)cc2)cc1,0.9670543074607849
c1ccc(C(=C(c2ccccc2)c2ccc(N(c3ccccc3)c3ccc(-c4ccc5[nH]nnc5c4)cc3)cc2)c2ccccc2)cc1,0.9583250284194946
CN(C)c1cccc2cccc(-c3ccccc3N(c3ccccc3)c3ccc(C(=C(c4ccccc4)c4ccccc4)c4ccccc4)cc3)c12,0.952507734298706
c1ccc(C(=C(c2ccccc2)c2cccc(-c3cncc4c3[nH]c3ccncc34)c2)c2ccc(N(c3ccccc3)c3ccccc3)cc2)cc1,0.9452928304672241
c1ccc(C(=C(c2ccccc2)c2ccc(N(c3ccccc3)c3cccc(-c4cnc5sc6ncccc6c5c4)c3)cc2)c2ccccc2)cc1,0.9462611675262451
Cc1cccc2c1[nH]c1c(C)cc(-c3ccccc3N(c3ccccc3)c3ccc(C(=C(c4ccccc4)c4ccccc4)c4ccccc4)cc3)cc12,0.9690521955490112
c1ccc(C(=C(c2ccccc2)c2ccc(N(c3ccccc3)c3ccccc3)cc2N2c3ccccc3Sc3ccccc32)c2ccccc2)cc1,0.9491856098175049
c1ccc(C(=C(c2ccccc2)c2ccc(N(c3ccccc3)c3ccccc3)cc2)c2ccc(-c3ccc4c(c3)Oc3ccccc3O4)cc2)cc1,0.9693357348442078
c1ccc(C(=C(c2ccc(N(c3ccccc3)c3ccccc3)cc2)c2ccccc2CN2c3ccccc3Oc3ccccc32)c2ccccc2)cc1,0.9728454351425171
CC1c2ccccc2Nc2cccc(-c3cccc(C(=C(c4ccccc4)c4ccccc4)c4ccc(N(c5ccccc5)c5ccccc5)cc4)c3)c21,0.9568945169448853
c1ccc(C(=C(c2ccc(-c3c4[nH]ccc4cc4ccoc34)cc2)c2ccc(N(c3ccccc3)c3ccccc3)cc2)c2ccccc2)cc1,0.9509261250495911
c1ccc(C(=C(c2ccc(N(c3ccccc3)c3ccccc3)cc2)c2ccccc2-c2coc3cc4ccoc4cc23)c2ccccc2)cc1,0.9397940039634705
c1ccc(C(=C(c2ccccc2)c2cccc(-c3c4ncoc4cc4ncoc34)c2)c2ccc(N(c3ccccc3)c3ccccc3)cc2)cc1,0.9535806775093079
c1ccc(C(=C(c2ccccc2)c2ccc(N(c3ccccc3)c3ccccc3)cc2)c2ccc(-c3ccc4c(c3)NC3Nc5ccccc5C43)cc2)cc1,0.960895836353302
c1ccc(C(=C(c2ccc(N(c3ccccc3)c3ccccc3)cc2)c2cccc(C3CCc4cc(-c5ccccc5)cc5c4N3CCC5)c2)c2ccccc2)cc1,0.9025493860244751
c1ccc(C(=C(c2ccccc2)c2ccc(N(c3ccccc3)c3ccccc3)cc2-c2cccc3c4nccnc4c4ccccc4c23)c2ccccc2)cc1,0.9270554780960083
c1ccc(C(=C(c2ccc(N(c3ccccc3)c3ccccc3)cc2)c2cccc(-c3ccc4c(c3)c3ccccc3c3[nH]cnc43)c2)c2ccccc2)cc1,0.9510692954063416
CC1(C)c2ccccc2Nc2c1cc1c(c2-c2ccc(C(=C(c3ccccc3)c3ccc(N(c4ccccc4)c4ccccc4)cc3)c3ccccc3)cc2)c2ccccc2n1-c1ccccc1,0.9336601495742798
CC1(C)c2cc(-c3cccc(N(c4ccccc4)c4ccc(C(=C(c5ccccc5)c5ccccc5)c5ccccc5)cc4)c3)ccc2Nc2c1ccc1c2c2ccccc2n1-c1ccccc1,0.9361395835876465
c1ccc(C(=C(c2ccc(N(c3ccccc3)c3ccccc3)cc2)c2cccc(-c3cncs3)c2)c2ccccc2)cc1,0.9639028310775757
O=C(c1cccc(-c2cccc(C(=C(c3ccccc3)c3ccc(N(c4ccccc4)c4ccccc4)cc3)c3ccccc3)c2)c1)C(F)(F)F,0.9799688458442688
O=S(=O)(c1ccccc1)c1ccccc1C(=C(c1ccccc1)c1ccc(N(c2ccccc2)c2ccccc2)cc1)c1ccccc1,0.9644607901573181
c1ccc(C(=C(c2ccccc2)c2ccc(N(c3ccccc3)c3ccccc3)cc2-c2cccc3nccnc23)c2ccccc2)cc1,0.9478702545166016
O=C1C=CC(=O)c2c1cccc2-c1ccccc1C(=C(c1ccccc1)c1ccc(N(c2ccccc2)c2ccccc2)cc1)c1ccccc1,0.9668593406677246
c1ccc(C(=C(c2ccccc2)c2ccccc2-c2ccc3sccc3c2)c2ccc(N(c3ccccc3)c3ccccc3)cc2)cc1,0.953838586807251
c1ccc(C(=C(c2ccccc2)c2cccc(-c3cccc(-c4cnccn4)c3)c2)c2ccc(N(c3ccccc3)c3ccccc3)cc2)cc1,0.9541951417922974
N#Cc1ccc(-c2cccc(C(=C(c3ccccc3)c3ccccc3)c3ccc(N(c4ccccc4)c4ccccc4)cc3)c2)cc1C#N,0.9695711135864258
c1ccc(C(=C(c2ccccc2)c2ccc(N(c3ccccc3)c3ccccc3-c3cccc(-c4ccccn4)n3)cc2)c2ccccc2)cc1,0.9716440439224243
CC1c2ccccc2-c2c(-c3cccc(N(c4ccccc4)c4ccc(C(=C(c5ccccc5)c5ccccc5)c5ccccc5)cc4)c3)cccc21,0.9524922966957092
c1ccc(C(=C(c2ccc(N(c3ccccc3)c3ccccc3)cc2)c2ccccc2-c2cc3c(cn2)[nH]c2ccccc23)c2ccccc2)cc1,0.9589802622795105
c1ccc(C(=C(c2ccccc2)c2ccc(N(c3ccccc3)c3ccccc3-c3c[nH]c4nc5occc5nc34)cc2)c2ccccc2)cc1,0.964637041091919
c1ccc(C(=C(c2ccccc2)c2cccc(-c3nc4nc5nc[nH]c5cc4[nH]3)c2)c2ccc(N(c3ccccc3)c3ccccc3)cc2)cc1,0.9749456644058228
c1ccc(C(=C(c2ccccc2)c2ccc(N(c3ccccc3)c3cccc(-c4cc5cccnc5c5ncccc45)c3)cc2)c2ccccc2)cc1,0.9461966753005981
N#Cc1cc(C#N)c(-c2cccc(N(c3ccccc3)c3ccc(C(=C(c4ccccc4)c4ccccc4)c4ccccc4)cc3)c2)c(C#N)c1,0.9700741171836853
c1ccc(C(=C(c2ccccc2)c2ccc(N(c3ccccc3)c3cccc(-c4ccccc4-c4nc(-c5ccccc5)nc(-c5ccccc5)n4)c3)cc2)c2ccccc2)cc1,0.9735799431800842
Fc1ccc(-c2nc(-c3ccc(F)cc3)nc(-c3ccccc3-c3ccccc3C(=C(c3ccccc3)c3ccccc3)c3ccc(N(c4ccccc4)c4ccccc4)cc3)n2)cc1,0.9811289310455322
COc1ccc(C(=C(c2ccccc2)c2ccc(OCc3cccc(N)c3)cc2)c2ccccc2)cc1,0.9793470501899719
COc1ccc(C(=C(c2ccc(OC)cc2)c2ccccc2-c2nc3ccccc3o2)c2ccccc2)cc1,0.9803842902183533
COc1ccc(C(=C(c2ccc(OC)cc2)c2cccc(-c3cccc4c(=O)cc[nH]c34)c2)c2ccccc2)cc1,0.9851053953170776
COc1ccc(C(=C(c2ccc(OC)cc2)c2ccc(-c3nccc4[nH]c5ccncc5c34)cc2)c2ccccc2)cc1,0.9741213321685791
COc1ccc(C(=C(c2ccc(OC)cc2)c2cccc(-c3ccc4c(c3)oc3ccccc34)c2)c2ccccc2)cc1,0.968163251876831
COc1ccc(C(=C(c2ccc(OC)cc2)c2ccc(-c3ccc4c(n3)sc3ccccc34)cc2)c2ccccc2)cc1,0.9773926138877869
COc1ccc(C(=C(c2ccc(OC)cc2)c2cccc(-c3cnc4sc5ncccc5c4c3)c2)c2ccccc2)cc1,0.9714694023132324
COc1ccc(C(=C(c2ccccc2)c2ccc(OC)cc2-c2ccc(C)c3[nH]c4c(C)cccc4c23)c2ccccc2)cc1,0.9856500029563904
COc1ccc(C(=C(c2ccc(OC)cc2)c2cccc(-c3cccc4c3Sc3ccccc3N4)c2)c2ccccc2)cc1,0.977048933506012
COc1ccc(C(=C(c2ccccc2)c2ccc(OC)c(-c3cccc4c3N(C)c3ccccc3O4)c2)c2ccccc2)cc1,0.9747878313064575
COc1ccc(C(=C(c2ccc(OC)cc2)c2ccccc2-c2cccc3c2Nc2ccccc2C3C)c2ccccc2)cc1,0.976503312587738
COc1ccc(C(=C(c2ccc(OC)cc2)c2ccccc2-c2cccc3c2NC2Nc4ccccc4C32)c2ccccc2)cc1,0.9785338044166565
COc1ccc(C(=C(c2ccc(OC)cc2)c2ccccc2C2Cc3cc(-c4ccccc4)cc4c3N(CCC4)C2)c2ccccc2)cc1,0.9475921392440796
COc1ccc(C(=C(c2ccccc2)c2ccc(OCC#N)cc2)c2ccccc2)cc1,0.9802218079566956
COc1ccc(C(=C(c2ccc(OC)cc2)c2ccccc2-c2ccno2)c2ccccc2)cc1,0.9785812497138977
COc1ccc(C(=C(c2ccc(OC)cc2)c2ccc(-c3cncs3)cc2)c2ccccc2)cc1,0.9779566526412964
COc1ccc(C(=C(c2ccccc2)c2ccc(OCc3c(F)c(F)c(F)c(F)c3F)cc2)c2ccccc2)cc1,0.9802769422531128
COc1ccc(C(=C(c2ccccc2)c2ccc(OCc3ccccc3C#N)cc2)c2ccccc2)cc1,0.9844253063201904
COc1ccc(C(=C(c2ccccc2)c2ccc(OC)cc2C2=CC(=O)NC2=O)c2ccccc2)cc1,0.9761265516281128
COc1ccc(C(=C(c2ccccc2)c2ccc(OC)cc2-c2cc3[nH]ccc3cn2)c2ccccc2)cc1,0.979749321937561
COc1ccc(C(=C(c2ccccc2)c2ccc(OC)c(-c3ccnc4ncccc34)c2)c2ccccc2)cc1,0.9834938049316406
COc1ccc(C(=C(c2ccc(OC)cc2)c2cccc(-c3ccc4sccc4c3)c2)c2ccccc2)cc1,0.976885199546814
COc1ccc(C(=C(c2ccc(OC)cc2)c2cccc(-c3cccc4[nH]nnc34)c2)c2ccccc2)cc1,0.9763416051864624
COc1ccc(C(=C(c2ccccc2)c2ccc(OC)cc2-c2cccc(-c3ccccn3)n2)c2ccccc2)cc1,0.984535276889801
COc1ccc(C(=C(c2ccc(OC)cc2)c2ccccc2-c2ccnc3c2C2C=CC=CC2N3)c2ccccc2)cc1,0.9841212034225464
COc1ccc(C(=C(c2ccccc2)c2ccc(OCc3cccc4c3sc3ccccc34)cc2)c2ccccc2)cc1,0.9714779257774353
COc1ccc(C(=C(c2ccc(OC)cc2)c2cccc(-c3ccc4c(c3)-c3ccccc3C4C)c2)c2ccccc2)cc1,0.9755526185035706
COc1ccc(C(=C(c2ccccc2)c2ccc(OC)cc2-c2nccc3c2[nH]c2ccccc23)c2ccccc2)cc1,0.9775081276893616
COc1ccc(C(=C(c2ccc(OC)cc2)c2ccccc2-c2nc3nc4ocnc4nc3o2)c2ccccc2)cc1,0.9542891383171082
COc1ccc(C(=C(c2ccccc2)c2ccc(OC)cc2-c2nc3cc4nc[nH]c4cc3[nH]2)c2ccccc2)cc1,0.9797195792198181
COc1ccc(C(=C(c2ccccc2)c2ccc(OC)cc2-c2cccc3cnc4ccccc4c23)c2ccccc2)cc1,0.9761288166046143
COc1ccc(C(=C(c2ccccc2)c2ccc(OC)cc2-c2c(C#N)c(C#N)cc3nc4c(nc23)-c2cccc3cccc-4c23)c2ccccc2)cc1,0.9712607264518738
COc1ccc(C(=C(c2ccccc2)c2ccc(OCc3ccc(C#N)cc3C#N)cc2)c2ccccc2)cc1,0.9844343066215515
COc1ccc(C(=C(c2ccc(OC)cc2)c2cccc(-c3cccc4c3Oc3cccc5c3B4c3ccccc3O5)c2)c2ccccc2)cc1,0.9683438539505005
CCN(C1=C2C=CC=[N+]2[B-](F)(F)n2cccc21)c1ccnnc1,0.9163547158241272
CCNC1=C2C=CC(c3cccc4nn[nH]c34)=[N+]2[B-](F)(F)n2cccc21,0.9355444312095642
CCNC1=C2C=CC=[N+]2[B-](F)(F)n2ccc(-c3ccc4ccc(N(C)C)cc4c3)c21,0.946769654750824
CCNC1=C2C=CC=[N+]2[B-](F)(F)n2c1ccc2-c1ccc2ccccc2c1N(C)C,0.9338639974594116
F[B-]1(F)n2cccc2C(NCCc2ccc3sc4ncccc4c3c2)=C2C=CC=[N+]21,0.9549731016159058
CCNC1=C2C=CC=[N+]2[B-](F)(F)n2ccc(-c3ccc4c(c3)Oc3ccccc3O4)c21,0.9559444189071655
CCNC1=C2C=CC=[N+]2[B-](F)(F)n2c1ccc2-c1cccc2c1N(C)c1ccccc1N2C,0.9434680938720703
CN1c2ccccc2Oc2cc(CCNC3=C4C=CC=[N+]4[B-](F)(F)n4cccc43)ccc21,0.9770655632019043
CCNC1=C2C=CC=[N+]2[B-](F)(F)n2cc(-c3ccc4c(c3)Nc3ccccc3C4C)cc21,0.9674443006515503
CCNC1=C2C=CC=[N+]2[B-](F)(F)n2ccc(N3c4ccccc4CCc4ccccc43)c21,0.9396834969520569
CCNC1=C2C=CC=[N+]2[B-](F)(F)n2c1ccc2-c1c[nH]c2nc3occc3nc12,0.8737106919288635
CC(NC1=C2C=CC=[N+]2[B-](F)(F)n2cccc21)c1cccc2c1NC1Nc3ccccc3C21,0.9806086421012878
F[B-]1(F)n2cccc2C(NCCc2ccccc2N(c2ccccc2)c2ccccc2)=C2C=CC=[N+]21,0.9628369212150574
CC(NC1=C2C=CC=[N+]2[B-](F)(F)n2cccc21)c1ccc2c(c1)c1ccccc1c1nccnc21,0.9204832911491394
CCNC1=C2C=C(c3ccc4c5ccccc5c5nc[nH]c5c4c3)C=[N+]2[B-](F)(F)n2cccc21,0.9557921290397644
CCN(C1=C2C=CC=[N+]2[B-](F)(F)n2cccc21)c1ccon1,0.9225904941558838
CCNC1=C2C=CC=[N+]2[B-](F)(F)n2ccc(-c3nccs3)c21,0.9310114979743958
CCNC1=C2C(c3ncncc3C#N)=CC=[N+]2[B-](F)(F)n2cccc21,0.9687491059303284
CC(NC1=C2C=CC=[N+]2[B-](F)(F)n2cccc21)c1ccc(C#N)cc1,0.9673866033554077
CCNC1=C2C=CC=[N+]2[B-](F)(F)n2c(C3=CC(=O)NC3=O)ccc21,0.9006230235099792
CC(NC1=C2C=CC=[N+]2[B-](F)(F)n2cccc21)c1ccc2ncccc2n1,0.9595669507980347
CCNC1=C2C=C(c3cnc4ncccc4c3)C=[N+]2[B-](F)(F)n2cccc21,0.9469121694564819
CCNC1=C2C=CC=[N+]2[B-](F)(F)n2ccc(-c3ccc4ocnc4c3)c21,0.9200609922409058
CCNC1=C2C=CC=[N+]2[B-](F)(F)n2ccc(-c3cccc4sccc34)c21,0.9268353581428528
CCNC1=C2C=CC=[N+]2[B-](F)(F)n2c1ccc2-c1cccc(-c2ccccn2)n1,0.9356644749641418
CCNC1=C2C=C(c3ccc4c(c3)sc3ccccc34)C=[N+]2[B-](F)(F)n2cccc21,0.9429088234901428
CCNC1=C2C(c3cccc4c3C(C)c3ccccc3-4)=CC=[N+]2[B-](F)(F)n2cccc21,0.9682496190071106
CCNC1=C2C=CC=[N+]2[B-](F)(F)n2c1ccc2-c1cccc2c1[nH]c1cnccc12,0.932055652141571
CCNC1=C2C=C(c3nc4cc5ncoc5nc4o3)C=[N+]2[B-](F)(F)n2cccc21,0.8876482844352722
CC(NC1=C2C=CC=[N+]2[B-](F)(F)n2cccc21)c1cnc2c(ccc3cccnc32)c1,0.9558039903640747
CCNC1=C2C=CC=[N+]2[B-](F)(F)n2cc(-c3ccc4cccc5c4c3-c3nc4cc(C#N)c(C#N)cc4nc3-5)cc21,0.9490100145339966
CCNC1=C2C(c3cccc(-c4nc(-c5ccc(F)cc5)nc(-c5ccc(F)cc5)n4)c3)=CC=[N+]2[B-](F)(F)n2cccc21,0.9759305119514465
F[B-]1(F)n2cccc2C(c2ccccc2)=C2C=C(c3cccnn3)C=[N+]21,0.9089778065681458
Nc1ccccc1-c1cccc(C2=C3C=CC=[N+]3[B-](F)(F)n3cccc32)c1,0.9459830522537231
F[B-]1(F)n2cccc2C(c2ccccc2-c2c[nH]c3ccccc23)=C2C=CC=[N+]21,0.9289586544036865
F[B-]1(F)n2cccc2C(c2ccccc2)=C2C=C(c3csc4ccccc34)C=[N+]21,0.9315963983535767
F[B-]1(F)n2cccc2C(c2ccccc2)=C2C(c3cccc4ncoc34)=CC=[N+]21,0.940997838973999
CN(C)c1cccc2cccc(-c3cccc(C4=C5C=CC=[N+]5[B-](F)(F)n5cccc54)c3)c12,0.9458476305007935
F[B-]1(F)n2cccc2C(c2cccc(-c3cc4[nH]c5ccncc5c4cn3)c2)=C2C=CC=[N+]21,0.9338446855545044
F[B-]1(F)n2cccc2C(c2cccc(-c3cc4c(cn3)[nH]c3ccccc34)c2)=C2C=CC=[N+]21,0.9414460062980652
F[B-]1(F)n2c(ccc2-c2ccnc3oc4ccccc4c23)C(c2ccccc2)=C2C=CC=[N+]21,0.9105358123779297
F[B-]1(F)n2ccc(-c3ccc4c(c3)sc3ncccc34)c2C(c2ccccc2)=C2C=CC=[N+]21,0.9381923079490662
CC1(C)c2ccccc2-c2c(C3=CC=[N+]4C3=C(c3ccccc3)c3cccn3[B-]4(F)F)cccc21,0.9641651511192322
Cc1c(Cc2cccc(C3=C4C=CC=[N+]4[B-](F)(F)n4cccc43)c2)cc2c(c1C)c1ccccc1n2C,0.9714034795761108
Cc1cccc2c1[nH]c1c(Cc3ccn4c3C(c3ccccc3)=C3C=CC=[N+]3[B-]4(F)F)cccc12,0.9624145030975342
F[B-]1(F)n2cccc2C(c2ccccc2)=C2C=C(c3cccc4c3Nc3ccccc3S4)C=[N+]21,0.9665497541427612
F[B-]1(F)n2cccc2C(c2ccccc2-c2cccc3c2Oc2ccccc2O3)=C2C=CC=[N+]21,0.9544563293457031
CC1(C)c2ccccc2N(c2ccccc2C2=C3C=CC=[N+]3[B-](F)(F)n3cccc32)c2ccccc21,0.9610962867736816
CN1c2ccccc2Oc2ccc(-c3cc4n(c3)[B-](F)(F)[N+]3=CC=CC3=C4c3ccccc3)cc21,0.9603509306907654
CC1c2ccccc2Nc2cc(-c3cccc(C4=C5C=CC=[N+]5[B-](F)(F)n5cccc54)c3)ccc21,0.9669598937034607
F[B-]1(F)n2cccc2C(c2ccccc2)=C2C=C(c3c4cc[nH]c4cc4occc34)C=[N+]21,0.9483762383460999
F[B-]1(F)n2c(ccc2-c2cnc3c4ccccc4c4ccccc4c3n2)C(c2ccccc2)=C2C=CC=[N+]21,0.9029644131660461
CC1(Cc2ccc3n2[B-](F)(F)[N+]2=CC=CC2=C3c2ccccc2)c2ccccc2Nc2c1ccc1c2c2ccccc2n1-c1ccccc1,0.9531214833259583
N#CC1=CC=[N+]2C1=C(c1ccccc1)c1cccn1[B-]2(F)F,0.9418635368347168
F[B-]1(F)n2cccc2C(c2ccc(-c3cncs3)cc2)=C2C=CC=[N+]21,0.9329750537872314
CC(=O)c1ccc(C2=[N+]3C(=C(c4ccccc4)c4cccn4[B-]3(F)F)C=C2)cc1,0.9566419720649719
O=[SH](=O)c1ccc(-c2ccn3c2C(c2ccccc2)=C2C=CC=[N+]2[B-]3(F)F)cc1,0.9282547831535339
O=Cc1ccc(C=O)c(-c2ccn3c2C(c2ccccc2)=C2C=CC=[N+]2[B-]3(F)F)c1,0.9496424794197083
F[B-]1(F)n2cccc2C(c2ccccc2-c2ccnc3ncccc23)=C2C=CC=[N+]21,0.9266661405563354
O=C1NC(=O)c2c1cccc2-c1cc2n(c1)[B-](F)(F)[N+]1=CC=CC1=C2c1ccccc1,0.9131323099136353
F[B-]1(F)n2cccc2C(c2ccccc2-c2nccnc2-c2ccccc2)=C2C=CC=[N+]21,0.9189507365226746
F[B-]1(F)n2cc(C34C=CC=CC3c3cccnc3N4)cc2C(c2ccccc2)=C2C=CC=[N+]21,0.9800395369529724
F[B-]1(F)n2ccc(-c3cccc4c3[nH]c3cnccc34)c2C(c2ccccc2)=C2C=CC=[N+]21,0.9374901056289673
N#Cc1cc(C#N)c(-c2cccc(C3=C4C=CC=[N+]4[B-](F)(F)n4cccc43)c2)c(C#N)c1,0.9416065812110901
Fc1ccc(-c2nc(-c3ccccc3)nc(-c3ccc(F)cc3C3=CC=[N+]4C3=C(c3ccccc3)c3cccn3[B-]4(F)F)n2)cc1,0.9725147485733032
c1ccc(C(=C(c2ccccc2)c2cccc(-c3cn[nH]c3)c2)c2ccccc2)cc1,0.9351727366447449
c1ccc(C(=C(c2ccccc2)c2ccc(-c3ccc4[nH]ccc4c3)cc2)c2ccccc2)cc1,0.9502825736999512
c1ccc(C(=C(c2ccccc2)c2ccc(-c3cccc4sccc34)cc2)c2ccccc2)cc1,0.9406071305274963
c1ccc(C(=C(c2ccccc2)c2ccccc2-c2ccc3ncoc3c2)c2ccccc2)cc1,0.9577643871307373
CN(C)c1cc(-c2cccc(C(=C(c3ccccc3)c3ccccc3)c3ccccc3)c2)c2ccccc2c1,0.9430407881736755
CN(C)c1cccc2cc(-c3cccc(C(=C(c4ccccc4)c4ccccc4)c4ccccc4)c3)ccc12,0.9427217841148376
c1ccc(C(=C(c2ccccc2)c2ccccc2-c2ccc3c(n2)oc2ccccc23)c2ccccc2)cc1,0.9462501406669617
c1ccc(C(=C(c2ccccc2)c2ccccc2-c2cnc3sc4ccccc4c3c2)c2ccccc2)cc1,0.9452515244483948
Cc1cccc2c1[nH]c1c(C)cc(-c3ccc(C(=C(c4ccccc4)c4ccccc4)c4ccccc4)cc3)cc12,0.9656729698181152
c1ccc(C(=C(c2ccccc2)c2ccc(-c3cccc4c3[nH]c3ccncc34)cc2)c2ccccc2)cc1,0.9396318197250366
CC1(C)c2ccccc2Nc2cc(-c3cccc(C(=C(c4ccccc4)c4ccccc4)c4ccccc4)c3)ccc21,0.9492398500442505
CC1c2ccccc2Nc2c(-c3ccc(C(=C(c4ccccc4)c4ccccc4)c4ccccc4)cc3)cccc21,0.9529444575309753
c1ccc(C(=C(c2ccccc2)c2cccc(-c3nc4ccccc4c4ccccc34)c2)c2ccccc2)cc1,0.9518078565597534
c1ccc(C(=C(c2ccccc2)c2ccccc2-c2ccc3c(c2)Nc2ccccc2CC3)c2ccccc2)cc1,0.9387455582618713
c1ccc(C(=C(c2ccccc2)c2cccc(-c3nc4nc5nc[nH]c5nc4[nH]3)c2)c2ccccc2)cc1,0.9483929872512817
c1ccc(C(=C(c2ccccc2)c2ccccc2-c2c3cc[nH]c3cc3occc23)c2ccccc2)cc1,0.9408144354820251
c1ccc(C(=C(c2ccccc2)c2ccccc2-c2c3ccoc3cc3ccoc23)c2ccccc2)cc1,0.9280530214309692
c1ccc(C(=C(c2ccccc2)c2cccc(-c3ccc4c5c3CCCN5CCC4)c2)c2ccccc2)cc1,0.8233577013015747
c1ccc(C(=C(c2ccccc2)c2ccccc2-c2cccc(-c3cc4c5c(c3)CCCN5CCC4)c2)c2ccccc2)cc1,0.8655989766120911
CC1(C)c2ccc(-c3ccccc3C(=C(c3ccccc3)c3ccccc3)c3ccccc3)cc2Nc2cc3c4ccccc4n(-c4ccccc4)c3cc21,0.9321362972259521
N#Cc1ccc(C(=C(c2ccccc2)c2ccccc2)c2ccccc2)cc1,0.931149959564209
c1ccc(C(=C(c2ccccc2)c2ccccc2-c2cncs2)c2ccccc2)cc1,0.9417672157287598
N#Cc1cccc(-c2cccc(C(=C(c3ccccc3)c3ccccc3)c3ccccc3)c2)c1,0.9612922072410583
O=C1C=C(c2cccc(C(=C(c3ccccc3)c3ccccc3)c3ccccc3)c2)C(=O)N1,0.927885890007019
O=[SH](=O)c1ccccc1-c1ccc(C(=C(c2ccccc2)c2ccccc2)c2ccccc2)cc1,0.9614111185073853
c1ccc(C(=C(c2ccccc2)c2cccc(-c3cncc4cc[nH]c34)c2)c2ccccc2)cc1,0.9459182024002075
c1ccc(C(=C(c2ccccc2)c2ccccc2-c2cnc3ccccc3n2)c2ccccc2)cc1,0.946903645992279
c1ccc(C(=C(c2ccccc2)c2cccc(-c3cnc4cccnc4c3)c2)c2ccccc2)cc1,0.9376270771026611
c1ccc(C(=C(c2ccccc2)c2cccc(-c3cccc4ncoc34)c2)c2ccccc2)cc1,0.9513676166534424
O=C1C=C(c2ccc(C(=C(c3ccccc3)c3ccccc3)c3ccccc3)cc2)C(=O)c2ccccc21,0.9740643501281738
O=c1cc[nH]c2c(-c3ccccc3C(=C(c3ccccc3)c3ccccc3)c3ccccc3)cccc12,0.9621789455413818
c1ccc(C(=C(c2ccccc2)c2cccc(-c3nccnc3-c3ccccc3)c2)c2ccccc2)cc1,0.9478524327278137
c1ccc(C(=C(c2ccccc2)c2ccccc2-c2ccnc(-c3ccccn3)c2)c2ccccc2)cc1,0.9573842883110046
C1=CC2Nc3ncc(-c4ccc(C(=C(c5ccccc5)c5ccccc5)c5ccccc5)cc4)cc3C2C=C1,0.9659755229949951
c1ccc(C(=C(c2ccccc2)c2ccccc2-c2cccc3c2sc2ccccc23)c2ccccc2)cc1,0.9298725128173828
O=S1(=O)c2ccccc2-c2c(-c3ccccc3C(=C(c3ccccc3)c3ccccc3)c3ccccc3)cccc21,0.9359524846076965
c1ccc(C(=C(c2ccccc2)c2ccc(-c3c4ccoc4cc4ccoc34)cc2)c2ccccc2)cc1,0.9264276623725891
c1ccc(C(=C(c2ccccc2)c2ccccc2-c2cccc3cnc4ccccc4c23)c2ccccc2)cc1,0.9446480870246887
N#Cc1ccc(-c2ccccc2C(=C(c2ccccc2)c2ccccc2)c2ccccc2)c(C#N)c1C#N,0.9579578638076782
c1ccc(C(=C(c2ccccc2)c2ccccc2-c2cc3c4c(c2)Oc2ccccc2B4c2ccccc2O3)c2ccccc2)cc1,0.95939701795578
COc1ccc(N(c2ccc(C)cc2)c2ccc(OC)c(-c3c[nH]c(=O)[nH]3)c2)cc1,0.9739575982093811
COc1ccc(N(c2ccc(C)cc2)c2ccc(OCc3cn[nH]c3)cc2)cc1,0.946591317653656
COc1ccc(N(c2ccc(C)cc2)c2ccc(OC)c(-c3cccnn3)c2)cc1,0.9314618706703186
COc1ccc(N(c2ccc(OC)cc2)c2ccc(C)cc2-c2ccccc2N)cc1,0.9641834497451782
COc1ccc(N(c2ccc(C)cc2)c2ccc(OC)cc2-c2ccc(F)c(F)c2F)cc1,0.9649062156677246
COc1ccc(N(c2ccc(C)cc2)c2ccc(OC)cc2-c2cccc3cc[nH]c23)cc1,0.9652655124664307
COc1ccc(N(c2ccc(C)cc2)c2ccc(OC)c(-c3cccc4ncoc34)c2)cc1,0.9621729850769043
COc1ccc(N(c2ccc(C)cc2)c2ccc(OC)c(-c3ccc4ccccc4c3N(C)C)c2)cc1,0.9682604670524597
COc1ccc(N(c2ccc(C)cc2)c2ccc(OC)c(-c3cccc4c3oc3ccccc34)c2)cc1,0.9471290111541748
COc1ccc(N(c2ccc(OC)cc2)c2ccc(C)c(-c3ccnc4sc5ccccc5c34)c2)cc1,0.9624131917953491
COc1ccc(N(c2ccc(C)cc2)c2ccc(OC)c(-c3ccc4c(c3)[nH]c3ccncc34)c2)cc1,0.9657955169677734
COc1ccc(N(c2ccc(C)cc2)c2ccc(OC)c(CN3c4ccccc4Oc4ccccc43)c2)cc1,0.9729782938957214
COc1ccc(N(c2ccc(C)cc2)c2ccc(OC)c(-c3ccc4c(cnc5ccccc54)c3)c2)cc1,0.9636905193328857
COc1ccc(N(c2ccc(C)cc2)c2ccc(OC)cc2-c2cccc3c2Nc2ccccc2CC3)cc1,0.9626427888870239
COc1ccc(N(c2ccc(OC)cc2)c2ccc(C)c(-c3c4ncoc4cc4ncoc34)c2)cc1,0.948879599571228
COc1ccc(N(c2ccc(C)cc2)c2ccc(OC)cc2-c2ncon2)cc1,0.9246944785118103
COc1ccc(N(c2ccc(OC)cc2)c2ccc(C)c(-c3ncncc3C#N)c2)cc1,0.9574975371360779
COc1ccc(N(c2ccc(C)cc2)c2ccc(OCc3cccc(C(C)=O)c3)cc2)cc1,0.9836949110031128
COc1ccc(N(c2ccc(C)cc2)c2ccc(OC)cc2-c2ccccc2[SH](=O)=O)cc1,0.9752280116081238
COc1ccc(N(c2ccc(C)cc2)c2ccc(OC)c(-c3ccc4nccnc4c3)c2)cc1,0.949416995048523
COc1ccc(N(c2ccc(OC)cc2)c2ccc(C)cc2-c2cccnc2-c2ccccn2)cc1,0.9703511595726013
COc1ccc(N(c2ccc(C)cc2)c2ccc(OC)cc2-c2ccc3c(c2)S(=O)(=O)c2ccccc2-3)cc1,0.9637945890426636
COc1ccc(N(c2ccc(Cc3ccc4[nH]c5cnccc5c4c3)cc2)c2ccc(OC)cc2)cc1,0.9521575570106506
COc1ccc(N(c2ccc(C)cc2)c2ccc(OC)cc2-c2ccc(C#N)cc2C#N)cc1,0.9641914963722229
COc1ccc(N(c2ccc(C)cc2)c2ccc(OC)cc2-c2cc3c4c(c2)Oc2ccccc2B4c2ccccc2O3)cc1,0.9633382558822632
COc1ccc(N(c2ccc(C)cc2)c2ccc(OC)c(-c3cc(C(=O)c4ccccc4)ccc3-c3nc(-c4ccc(F)cc4)nc(-c4ccc(F)cc4)n3)c2)cc1,0.9882649183273315
CC1=C(c2ccccc2)C(c2ccccc2-c2cn[nH]c2)=C(C)[Si]1(C)C,0.9093436598777771
CC1=C(c2ccccc2)C(c2ccccc2)=C(C)[Si]1(C)Cc1ccnnc1,0.8793622255325317
CC1=C(c2ccccc2)C(c2ccccc2)=C(Cc2ccc(N)cc2)[Si]1(C)C,0.9408725500106812
CC1=C(c2ccccc2)C(c2ccc(-c3ccc4ncsc4c3)cc2)=C(C)[Si]1(C)C,0.9390802979469299
CC1=C(c2ccccc2)C(c2ccccc2)=C(Cc2ccc3[nH]nnc3c2)[Si]1(C)C,0.9320172071456909
CC1=C(c2ccccc2)C(c2ccc(-c3cc4ccccc4cc3N(C)C)cc2)=C(C)[Si]1(C)C,0.9315646290779114
CC1=C(c2ccccc2)C(c2cccc(-c3ccc(N(C)C)c4ccccc34)c2)=C(C)[Si]1(C)C,0.9311224818229675
CC1=C(c2ccccc2)C(c2ccccc2-c2nccc3[nH]c4ccncc4c23)=C(C)[Si]1(C)C,0.9204199314117432
CC1=C(c2ccccc2)C(c2ccccc2-c2cc3c(cn2)[nH]c2ccccc23)=C(C)[Si]1(C)C,0.937609851360321
CC1=C(c2ccccc2)C(c2cccc(-c3ccc4oc5ncccc5c4c3)c2)=C(C)[Si]1(C)C,0.9320790767669678
CC1=C(c2ccccc2)C(c2ccccc2-c2ccc3c(c2)-c2ccccc2C3(C)C)=C(C)[Si]1(C)C,0.9381918907165527
CC1=C(c2ccccc2)C(c2ccccc2)=C(C)[Si]1(C)(C)c1cccc2c3c(C)c(C)c(C)cc3n(C)c12,0.9792646169662476
CC1=C(c2ccccc2)C(c2ccc(-c3ccc4c(c3)Nc3ccccc3C4(C)C)cc2)=C(C)[Si]1(C)C,0.9483136534690857
CC1=C(c2ccccc2)C(c2ccc(-c3ccc4c(c3)N(C)c3ccccc3N4C)cc2)=C(C)[Si]1(C)C,0.9393942952156067
CC1=C(c2ccccc2)C(c2ccccc2)=C(Cc2ccc3c(c2)Oc2ccccc2N3C)[Si]1(C)C,0.9697608947753906
CC1=C(c2ccccc2)C(c2cccc(-c3ccc4[nH]c5ccccc5c(=O)c4c3)c2)=C(C)[Si]1(C)C,0.9570011496543884
CC1=C(c2ccccc2)C(c2ccccc2-c2c[nH]c3nc4occc4nc23)=C(C)[Si]1(C)C,0.9319291114807129
CC1=C(c2ccccc2)C(c2ccccc2)=C(Cc2c3ncsc3cc3ncsc23)[Si]1(C)C,0.9142864346504211
CC1=C(c2ccccc2)C(c2ccccc2-c2c[nH]c3cc4occc4cc23)=C(C)[Si]1(C)C,0.9277313351631165
CC1=C(c2ccccc2)C(c2ccccc2)=C(Cc2c3ncoc3cc3ncoc23)[Si]1(C)C,0.9123297333717346
CC1=C(c2ccccc2)C(c2ccccc2-c2ccc3c(c2)C2c4ccccc4NC2N3)=C(C)[Si]1(C)C,0.9650312066078186
CC1=C(c2ccccc2)C(c2ccccc2)=C(C)[Si]1(C)CC1CCc2cccc3c2N1CCC3,0.7919474244117737
CC1=C(c2ccccc2)C(c2ccc(-c3ccc4c(c3)c3ccccc3c3nccnc43)cc2)=C(C)[Si]1(C)C,0.8995356559753418
CC1=C(c2ccccc2)C(c2ccccc2)=C(Cc2cccc3c4ccccc4c4[nH]cnc4c23)[Si]1(C)C,0.9377819895744324
CC1=C(c2ccccc2)C(c2ccc(-c3cc4c5ccccc5[nH]c4c4c3[nH]c3ccccc34)cc2)=C(C)[Si]1(C)C,0.9103025197982788
CC1=C(c2ccccc2)C(c2ccccc2-c2ccc(C3(c4ccccc4)c4ccccc4Nc4ccccc43)cc2)=C(C)[Si]1(C)C,0.9648483991622925
CC1=C(c2ccccc2)C(c2ccccc2CC2(C)c3ccccc3Nc3cc4c5ccccc5n(-c5ccccc5)c4cc32)=C(C)[Si]1(C)C,0.9348048567771912
CC1=C(c2ccccc2)C(c2cccc(-c3ccccc3[SH](=O)=O)c2)=C(C)[Si]1(C)C,0.9521983861923218
CC1=C(c2ccccc2)C(c2ccccc2)=C(Cc2cc3[nH]ccc3cn2)[Si]1(C)C,0.9360289573669434
CC1=C(c2ccccc2)C(c2ccccc2-c2cnc3ccccc3n2)=C(C)[Si]1(C)C,0.9286903142929077
CC1=C(c2ccccc2)C(c2ccccc2)=C(C)[Si]1(C)(C)c1cccc2ccsc12,0.9576478004455566
CC1=C(c2ccccc2)C(c2ccccc2)=C(Cc2cccc3[nH]nnc23)[Si]1(C)C,0.9251304268836975
CC1=C(c2ccccc2)C(c2ccccc2)=C(C)[Si]1(C)(C)c1ccccc1-c1cnccn1,0.9683752655982971
CC1=C(c2ccccc2)C(c2ccc(-c3ccnc4c3C3C=CC=CC3N4)cc2)=C(C)[Si]1(C)C,0.9648431539535522
CC1=C(c2ccccc2)C(c2cccc(-c3nc4nc5nc[nH]c5nc4[nH]3)c2)=C(C)[Si]1(C)C,0.9296974539756775
CC1=C(c2ccccc2)C(c2ccccc2-c2cccc3cnc4ccccc4c23)=C(C)[Si]1(C)C,0.9329862594604492
CC1=C(c2ccccc2)C(c2cccc(-c3ccc(-c4nc(-c5ccccc5)nc(-c5ccccc5)n4)cc3)c2)=C(C)[Si]1(C)C,0.9721652865409851
CC1=C(c2ccccc2)C(c2ccccc2)=C(Cc2cc(F)ccc2-c2nc(-c3ccccc3)nc(-c3ccc(F)cc3)n2)[Si]1(C)C,0.9744875431060791
CC1=C(c2ccccc2)C(c2cccc(-c3cccc(C(=O)c4ccc(-c5nc(-c6ccc(F)cc6)nc(-c6ccc(F)cc6)n5)cc4)c3)c2)=C(C)[Si]1(C)C,0.981759786605835
Nc1cccc(-c2cc(C=[CH:1]c3ccc([CH3:1])cc3)c([OH:1])[cH:1][cH:1]2)c1,0.9254818558692932
Fc1cc(-c2c[cH:1][cH:1]c([OH:1])c2C=[CH:1]c2ccc([CH3:1])cc2)cc(F)c1F,0.9234691262245178
CN(C)c1cccc2cc(-c3cc([CH:1]=Cc4cc[cH:1][cH:1]c4[OH:1])ccc3[CH3:1])ccc12,0.9516357183456421
C(c1cc[cH:1][cH:1]c1[OH:1])=[CH:1]c1ccc([CH3:1])c(-c2cnc3sc4ccccc4c3c2)c1,0.948613703250885
Cc1cc2c(c(C)c1C)c1cc(-c3c[cH:1][cH:1]c([OH:1])c3C=[CH:1]c3ccc([CH3:1])cc3)ccc1n2C,0.9697928428649902
C(c1cc[cH:1][cH:1]c1[OH:1])=[CH:1]c1ccc([CH3:1])c(-c2cccc3c2[nH]c2ccncc23)c1,0.9500081539154053
CC1(C)c2ccccc2Nc2ccc(C(c3cc[cH:1][cH:1]c3[OH:1])=[CH:1]c3ccc([CH3:1])cc3)cc21,0.9725549221038818
C(c1cc(-c2ccc3c(c2)CCc2ccccc2N3)[cH:1][cH:1]c1[OH:1])=[CH:1]c1ccc([CH3:1])cc1,0.9426525831222534
C(c1cc[cH:1][cH:1]c1[OH:1])=[CH:1]c1ccc([CH3:1])cc1-c1c[nH]c2nc3occc3nc12,0.9284090995788574
C(c1cc(-c2cc3cc4occc4cc3o2)[cH:1][cH:1]c1[OH:1])=[CH:1]c1ccc([CH3:1])cc1,0.9071420431137085
C(c1c(-c2nc3cc4ocnc4cc3o2)c[cH:1][cH:1]c1[OH:1])=[CH:1]c1ccc([CH3:1])cc1,0.9081627726554871
c1cc([CH:1]=C(c2ccc3c4c2CCCN4CCC3)c2cc[cH:1][cH:1]c2[OH:1])ccc1[CH3:1],0.8343405723571777
C(c1c(-c2ccccc2N(c2ccccc2)c2ccccc2)c[cH:1][cH:1]c1[OH:1])=[CH:1]c1ccc([CH3:1])cc1,0.9773820042610168
N#Cc1cc([CH:1]=Cc2cc[cH:1][cH:1]c2[OH:1])ccc1[CH3:1],0.8518093228340149
O=Cc1ccc(C(=O)c2cc([CH:1]=Cc3cc[cH:1][cH:1]c3[OH:1])ccc2[CH3:1])cc1,0.9602717757225037
C(c1cc[cH:1][cH:1]c1[OH:1])=[CH:1]c1ccc([CH3:1])c(-c2ccc3cccnc3n2)c1,0.9555509686470032
O=C1C=CC(=O)c2c1cccc2-c1cc([CH:1]=Cc2cc[cH:1][cH:1]c2[OH:1])ccc1[CH3:1],0.9525607228279114
C(c1cc[cH:1][cH:1]c1[OH:1])=[CH:1]c1ccc([CH3:1])cc1-c1csc2ccccc12,0.9242321252822876
C(c1cc[cH:1][cH:1]c1[OH:1])=[CH:1]c1ccc([CH3:1])c(-c2cccc(-c3ccccn3)n2)c1,0.9587300419807434
C(c1cc[cH:1][cH:1]c1[OH:1])=[CH:1]c1ccc([CH3:1])c(-c2ccc3c(c2)sc2ccccc23)c1,0.9401638507843018
O=S1(=O)c2ccccc2-c2cccc(-c3cc([CH3:1])ccc3[CH:1]=Cc3cc[cH:1][cH:1]c3[OH:1])c21,0.9311291575431824
C(c1cc[cH:1][cH:1]c1[OH:1])=[CH:1]c1ccc([CH3:1])cc1-c1coc2cc3ccoc3cc12,0.9102592468261719
C(c1cc(-c2cccc3ncc4ccccc4c23)[cH:1][cH:1]c1[OH:1])=[CH:1]c1ccc([CH3:1])cc1,0.9524470567703247
C(c1cc[cH:1][cH:1]c1[OH:1])=[CH:1]c1ccc([CH3:1])c(-c2cc3c4c(c2)Oc2ccccc2B4c2ccccc2O3)c1,0.9693257212638855
C(c1cc(-c2cccc(-c3nc(-c4ccccc4)nc(-c4ccccc4)n3)c2)[cH:1][cH:1]c1[OH:1])=[CH:1]c1ccc([CH3:1])cc1,0.9833939671516418
Fc1ccc(-c2nc(-c3ccccc3)nc(-c3ccc(F)cc3-c3cc([CH:1]=Cc4cc[cH:1][cH:1]c4[OH:1])ccc3[CH3:1])n2)cc1,0.9825379252433777
c1cnnc([N+:1]2=C(c3cc[cH:1]cc3)O[CH:1]=C2c2cc[cH:1]cc2)c1,0.46094921231269836
c1ccc2sc(-c3cc(C4=[CH:1]OC(c5cc[cH:1]cc5)=[N+:1]4)cc[cH:1]3)cc2c1,0.9373392462730408
CN(C)c1ccc(-c2cc(C3=[CH:1]OC(c4cc[cH:1]cc4)=[N+:1]3)cc[cH:1]2)c2ccccc12,0.9585852026939392
Cc1cc2c(c(C)c1C)c1cccc(-c3cc(C4=[N+:1]C(c5cc[cH:1]cc5)=[CH:1]O4)cc[cH:1]3)c1n2C,0.9829440712928772
Cc1cccc2c1[nH]c1c(C)cc(-c3c[cH:1]ccc3C3=[N+:1]C(c4cc[cH:1]cc4)=[CH:1]O3)cc12,0.9787670373916626
c1cc2[nH]c3cc([N+:1]4=C(c5cc[cH:1]cc5)O[CH:1]=C4c4cc[cH:1]cc4)ccc3c2cn1,0.8679206967353821
c1ccc2c(c1)Oc1ccc(-c3cc(C4=[CH:1]OC(c5cc[cH:1]cc5)=[N+:1]4)cc[cH:1]3)cc1O2,0.9557709693908691
CN1c2ccccc2Oc2ccc([N+:1]3=C(c4cc[cH:1]cc4)O[CH:1]=C3c3cc[cH:1]cc3)cc21,0.9200124144554138
O=c1c2ccccc2[nH]c2c(-c3cc(C4=[N+:1]C(c5cc[cH:1]cc5)=[CH:1]O4)cc[cH:1]3)cccc12,0.9591872692108154
c1nc2c(-c3cc(C4=[N+:1]C(c5cc[cH:1]cc5)=[CH:1]O4)cc[cH:1]3)c3scnc3cc2s1,0.9279815554618835
c1cc2c3c(c1)C(c1cc(C4=[CH:1]OC(c5cc[cH:1]cc5)=[N+:1]4)cc[cH:1]1)CCN3CCC2,0.9242597222328186
c1ccc(-c2c[cH:1]ccc2C2=[CH:1]OC(c3cc[cH:1]cc3)=[N+:1]2)c(-c2cc3c4c(c2)CCCN4CCC3)c1,0.935630202293396
c1ccc(C2(c3ccccc3-c3c[cH:1]ccc3C3=[CH:1]OC(c4cc[cH:1]cc4)=[N+:1]3)c3ccccc3Nc3ccccc32)cc1,0.9880730509757996
CC1(C)c2ccccc2Nc2cc3c4ccccc4n(-c4ccccc4-c4c[cH:1]ccc4C4=[CH:1]OC(c5cc[cH:1]cc5)=[N+:1]4)c3cc21,0.9789905548095703
N#Cc1cc(C2=[N+:1]C(c3cc[cH:1]cc3)=[CH:1]O2)cc[cH:1]1,0.8544363379478455
CC(=O)c1ccccc1-c1cc(C2=[CH:1]OC(c3cc[cH:1]cc3)=[N+:1]2)cc[cH:1]1,0.9654166102409363
O=Cc1ccc(C=O)c(-c2c[cH:1]ccc2C2=[N+:1]C(c3cc[cH:1]cc3)=[CH:1]O2)c1,0.9578142166137695
c1cc2[nH]cc(-c3c[cH:1]ccc3C3=[N+:1]C(c4cc[cH:1]cc4)=[CH:1]O3)c2cn1,0.9273963570594788
c1cnc2c(-c3cc(C4=[CH:1]OC(c5cc[cH:1]cc5)=[N+:1]4)cc[cH:1]3)ccnc2c1,0.9217691421508789
c1cnc2nc(-c3c[cH:1]ccc3C3=[CH:1]OC(c4cc[cH:1]cc4)=[N+:1]3)ccc2c1,0.9359341859817505
O=C1C=CC(=O)c2c1cccc2-c1c[cH:1]ccc1C1=[N+:1]C(c2cc[cH:1]cc2)=[CH:1]O1,0.9494553804397583
c1cc(-c2cc(C3=[N+:1]C(c4cc[cH:1]cc4)=[CH:1]O3)cc[cH:1]2)c2[nH]nnc2c1,0.9143241047859192
CC1c2ccccc2-c2c(-c3cc(C4=[N+:1]C(c5cc[cH:1]cc5)=[CH:1]O4)cc[cH:1]3)cccc21,0.9681669473648071
c1cnc2c(c1)ccc1c(-c3c[cH:1]ccc3C3=[N+:1]C(c4cc[cH:1]cc4)=[CH:1]O3)ccnc12,0.9442376494407654
c1ccc2c(c1)Oc1cc([N+:1]3=C(c4cc[cH:1]cc4)O[CH:1]=C3c3cc[cH:1]cc3)cc3c1B2c1ccccc1O3,0.9484760761260986
c1ccc(-c2nc(-c3ccccc3)nc(-c3ccccc3-c3c[cH:1]ccc3C3=[N+:1]C(c4cc[cH:1]cc4)=[CH:1]O3)n2)cc1,0.9789299964904785
Fc1ccc(-c2nc(-c3ccc(F)cc3)nc(-c3cccc(-c4cc(C5=[N+:1]C(c6cc[cH:1]cc6)=[CH:1]O5)cc[cH:1]4)c3)n2)cc1,0.9851986765861511
O=C(c1ccccc1)c1ccc(-c2nc(-c3ccc(F)cc3)nc(-c3ccc(F)cc3-c3cc(C4=[N+:1]C(c5cc[cH:1]cc5)=[CH:1]O4)cc[cH:1]3)n2)cc1,0.9898048639297485
Nc1cccc(-c2c[cH:1][cH:1]cc2/C=C/[CH2:1]c2ccccc2O)c1,0.9029972553253174
Oc1cccc(-c2ccc3sccc3c2)c1[CH2:1]/C=C/c1cc[cH:1][cH:1]c1,0.9207301735877991
Oc1ccccc1[CH2:1]/C=C/c1cc(-c2cccc3ncsc23)[cH:1][cH:1]c1,0.932039201259613
Oc1cc(-c2cc3[nH]c4ccncc4c3cn2)ccc1[CH2:1]/C=C/c1cc[cH:1][cH:1]c1,0.8996825814247131
Oc1ccccc1[CH2:1]/C=C/c1cc(-c2cccc3c2oc2ccccc23)[cH:1][cH:1]c1,0.8918113708496094
Oc1cccc(-c2cnc3sc4ncccc4c3c2)c1[CH2:1]/C=C/c1cc[cH:1][cH:1]c1,0.8903378844261169
Cc1cccc2c1[nH]c1c(C)ccc(/C(=C\c3cc[cH:1][cH:1]c3)[CH2:1]c3ccccc3O)c12,0.9711220860481262
CN1c2ccccc2N(C)c2cc(-c3c[cH:1][cH:1]cc3/C=C/[CH2:1]c3ccccc3O)ccc21,0.9397342205047607
CC1c2ccccc2Nc2c(-c3cccc(O)c3[CH2:1]/C=C/c3cc[cH:1][cH:1]c3)cccc21,0.9441573023796082
Oc1ccc(-c2c[nH]c3cc4occc4cc23)cc1[CH2:1]/C=C/c1cc[cH:1][cH:1]c1,0.9171736836433411
Oc1ccccc1[CH2:1]/C=C/c1cc(-c2ccc3c4ccccc4c4nccnc4c3c2)[cH:1][cH:1]c1,0.9079251289367676
Oc1cc(-c2ccc3c4ccccc4c4[nH]cnc4c3c2)ccc1[CH2:1]/C=C/c1cc[cH:1][cH:1]c1,0.9351097941398621
Oc1ccccc1[CH2:1]/C=C(\c1ccc2c(c1)[nH]c1ccc3c4ccccc4[nH]c3c12)c1cc[cH:1][cH:1]c1,0.9422479271888733
C(=C/[CH2:1]c1ccccc1Oc1cccc2c1C(c1ccccc1)(c1ccccc1)c1ccccc1N2)\c1cc[cH:1][cH:1]c1,0.9660548567771912
CC1(Cc2ccc([CH2:1]/C=C/c3cc[cH:1][cH:1]c3)c(O)c2)c2ccccc2Nc2c1ccc1c2c2ccccc2n1-c1ccccc1,0.957511305809021
Oc1ccccc1[CH2:1]/C=C/c1c[cH:1][cH:1]cc1-c1ccno1,0.8514976501464844
CC(=O)c1ccc(/C(=C\c2cc[cH:1][cH:1]c2)[CH2:1]c2ccccc2O)cc1,0.9628980755805969
O=[SH](=O)c1ccccc1-c1ccc(O)c([CH2:1]/C=C/c2cc[cH:1][cH:1]c2)c1,0.9210761785507202
Oc1c(-c2cncc3cc[nH]c23)cccc1[CH2:1]/C=C/c1cc[cH:1][cH:1]c1,0.8878476023674011
C(=C/[CH2:1]c1ccccc1Oc1cnc2ccccc2n1)\c1cc[cH:1][cH:1]c1,0.8450810313224792
Oc1cc(-c2ccc3sccc3c2)ccc1[CH2:1]/C=C/c1cc[cH:1][cH:1]c1,0.9105222821235657
Oc1cccc(-c2ccc(-c3cnccn3)cc2)c1[CH2:1]/C=C/c1cc[cH:1][cH:1]c1,0.9190524220466614
Oc1ccccc1[CH2:1]/C=C(\c1ccnc(-c2ccccn2)c1)c1cc[cH:1][cH:1]c1,0.9401602745056152
Oc1ccccc1[CH2:1]/C=C/c1cc[cH:1][cH:1]c1-c1c[nH]c2nc3occc3nc12,0.9065088629722595
Oc1ccc(-c2c3[nH]cnc3nc3nc[nH]c23)cc1[CH2:1]/C=C/c1cc[cH:1][cH:1]c1,0.8858487606048584
N#Cc1cc(C#N)c(-c2ccc(O)c([CH2:1]/C=C/c3cc[cH:1][cH:1]c3)c2)c(C#N)c1,0.9241447448730469
C(=C/[CH2:1]c1ccccc1Oc1ccc2c(c1)B1c3ccccc3Oc3cccc(c31)O2)\c1cc[cH:1][cH:1]c1,0.9347948431968689
Oc1ccccc1[CH2:1]/C=C/c1c[cH:1][cH:1]cc1-c1ccccc1-c1nc(-c2ccccc2)nc(-c2ccccc2)n1,0.9752613306045532
Nc1ccc(-c2cc3c(cc2N2[CH:1]=[CH:1][CH2:1][CH:1]=[CH:1]2)c2cc(N4[CH:1]=[CH:1][CH2:1][CH:1]=[CH:1]4)ccc2[cH:1][cH:1]3)cc1,0.8525150418281555
c1ccc2c(c1)oc1nc(-c3cc(N4[CH:1]=[CH:1][CH2:1][CH:1]=[CH:1]4)cc4c5cc(N6[CH:1]=[CH:1][CH2:1][CH:1]=[CH:1]6)ccc5[cH:1][cH:1]c34)ccc12,0.8336225748062134
Cc1c(Cc2cc3c(cc2N2[CH:1]=[CH:1][CH2:1][CH:1]=[CH:1]2)c2cc(N4[CH:1]=[CH:1][CH2:1][CH:1]=[CH:1]4)ccc2[cH:1][cH:1]3)cc2c(c1C)c1ccccc1n2C,0.9047359824180603
c1ccc(-c2cc3c4c(c2)CC(c2cc(N5[CH:1]=[CH:1][CH2:1][CH:1]=[CH:1]5)cc5c6cc(N7[CH:1]=[CH:1][CH2:1][CH:1]=[CH:1]7)ccc6[cH:1][cH:1]c25)CN4CCC3)cc1,0.7994597554206848
c1nc(-c2c(N3[CH:1]=[CH:1][CH2:1][CH:1]=[CH:1]3)ccc3c2c2cc(N4[CH:1]=[CH:1][CH2:1][CH:1]=[CH:1]4)ccc2[cH:1][cH:1]3)cs1,0.8328269720077515
c1cnc2nc(-c3cc(N4[CH:1]=[CH:1][CH2:1][CH:1]=[CH:1]4)cc4c5cc(N6[CH:1]=[CH:1][CH2:1][CH:1]=[CH:1]6)ccc5[cH:1][cH:1]c34)ccc2c1,0.8782998919487
c1ccc2c(c1)sc1cc(-c3c(N4[CH:1]=[CH:1][CH2:1][CH:1]=[CH:1]4)ccc4c3c3cc(N5[CH:1]=[CH:1][CH2:1][CH:1]=[CH:1]5)ccc3[cH:1][cH:1]4)ccc12,0.8187121152877808
c1cc2c(-c3cc4c(cc3N3[CH:1]=[CH:1][CH2:1][CH:1]=[CH:1]3)c3cc(N5[CH:1]=[CH:1][CH2:1][CH:1]=[CH:1]5)ccc3[cH:1][cH:1]4)c3occc3cc2o1,0.7903245687484741
c1cnc2c(c1)ccc1cc(-c3cc4c(cc3N3[CH:1]=[CH:1][CH2:1][CH:1]=[CH:1]3)c3cc(N5[CH:1]=[CH:1][CH2:1][CH:1]=[CH:1]5)ccc3[cH:1][cH:1]4)cnc12,0.8355522751808167
c1ccc(-c2nc(-c3ccccc3)nc(-c3ccccc3-c3cc(N4[CH:1]=[CH:1][CH2:1][CH:1]=[CH:1]4)cc4c5cc(N6[CH:1]=[CH:1][CH2:1][CH:1]=[CH:1]6)ccc5[cH:1][cH:1]c34)n2)cc1,0.9278808832168579
O=c1[nH]cc(-c2cc(C=NN=Cc3ccccc3O)cc[cH:1]2)[nH]1,0.9203964471817017
Oc1cccc(-c2cccnn2)c1C=NN=Cc1cc[cH:1]cc1,0.7964814305305481
Oc1ccccc1C=NN=Cc1cc[cH:1]c(-c2cc3ccccc3s2)c1,0.8931901454925537
C(=NN=Cc1ccccc1Oc1coc2ccccc12)c1cc[cH:1]cc1,0.8405500650405884
CC1(Cc2c[cH:1]ccc2C=NN=Cc2ccccc2O)c2ccccc2-c2ccccc21,0.9455198049545288
Cc1cc2c(c(C)c1C)c1c(-c3c[cH:1]ccc3C=NN=Cc3ccccc3O)cccc1n2C,0.9620447754859924
Cc1cccc2c1[nH]c1c(C)ccc(C(=NN=Cc3ccccc3O)c3cc[cH:1]cc3)c12,0.9665924310684204
C(=NN=Cc1ccccc1Oc1cccc2c1[nH]c1ccncc12)c1cc[cH:1]cc1,0.908829391002655
Oc1ccccc1C=NN=Cc1cc[cH:1]cc1-c1cccc2c1Sc1ccccc1N2,0.9364461898803711
CC1(C)c2ccccc2Nc2cc(-c3cc(C=NN=Cc4ccccc4O)cc[cH:1]3)ccc21,0.9519950151443481
CN1c2ccccc2Oc2c(-c3cccc(O)c3C=NN=Cc3cc[cH:1]cc3)cccc21,0.9467411041259766
CC1c2ccccc2Nc2cc(-c3cc(C=NN=Cc4ccccc4O)cc[cH:1]3)ccc21,0.9464361667633057
Oc1ccccc1C=NN=Cc1cc[cH:1]cc1-c1cccc2c1CCc1ccccc1N2,0.9214198589324951
Oc1ccccc1C(=NN=Cc1cc[cH:1]cc1)c1c2ncoc2cc2ncoc12,0.8918140530586243
Oc1ccc(-c2cccc(N(c3ccccc3)c3ccccc3)c2)cc1C=NN=Cc1cc[cH:1]cc1,0.9621466398239136
Oc1ccccc1C=NN=C(c1cc[cH:1]cc1)c1ccc2c3ccccc3c3nccnc3c2c1,0.9053337574005127
CC1(C)c2ccccc2Nc2cc3c4ccccc4n(-c4cccc(-c5ccc(C=NN=Cc6cc[cH:1]cc6)c(O)c5)c4)c3cc21,0.9552194476127625
CC1(C)c2ccccc2Nc2c1ccc1c2c2ccccc2n1-c1ccccc1C(=NN=Cc1ccccc1O)c1cc[cH:1]cc1,0.9643233418464661
CC(=O)c1ccc(-c2cc(C=NN=Cc3ccccc3O)cc[cH:1]2)cc1,0.9574716091156006
O=C1C=C(c2cc(C=NN=Cc3ccccc3O)cc[cH:1]2)C(=O)N1,0.8555082082748413
Oc1ccc(-c2nccc3[nH]ccc23)cc1C=NN=Cc1cc[cH:1]cc1,0.8944416046142578
O=C1C=CC(=O)c2c1cccc2C(=NN=Cc1ccccc1O)c1cc[cH:1]cc1,0.9409703016281128
Oc1c(C=NN=Cc2cc[cH:1]cc2)cccc1-c1cccc2[nH]nnc12,0.8515488505363464
C(=NN=Cc1ccccc1Oc1nc2nc3nc[nH]c3cc2[nH]1)c1cc[cH:1]cc1,0.8978140354156494
Oc1cc(-c2ccc3ccc4cccnc4c3n2)ccc1C=NN=Cc1cc[cH:1]cc1,0.9187010526657104
Oc1ccc(-c2cccc(-c3nc(-c4ccc(F)cc4)nc(-c4ccc(F)cc4)n3)c2)cc1C=NN=Cc1cc[cH:1]cc1,0.9827473163604736
O=C(c1ccccc1)c1ccc(-c2nc(-c3ccc(F)cc3)nc(-c3ccc(F)cc3)n2)c(-c2cccc(C=NN=Cc3cc[cH:1]cc3)c2O)c1,0.9866507053375244
c1ccc2c(c1)oc1c(-c3c(-n4[cH:1][cH:1][cH:1][cH:1]4)c(-n4[cH:1][cH:1][cH:1][cH:1]4)cc(-n4[cH:1][cH:1][cH:1][cH:1]4)c3-n3[cH:1][cH:1][cH:1][cH:1]3)cccc12,0.8371250033378601
O=C(c1ccc(-c2c(-n3[cH:1][cH:1][cH:1][cH:1]3)c(-n3[cH:1][cH:1][cH:1][cH:1]3)cc(-n3[cH:1][cH:1][cH:1][cH:1]3)c2-n2[cH:1][cH:1][cH:1][cH:1]2)cc1)C(F)(F)F,0.9414926171302795
c1cc2[nH]c3c(-c4c(-n5[cH:1][cH:1][cH:1][cH:1]5)c(-n5[cH:1][cH:1][cH:1][cH:1]5)cc(-n5[cH:1][cH:1][cH:1][cH:1]5)c4-n4[cH:1][cH:1][cH:1][cH:1]4)cncc3c2cn1,0.8408780097961426
CC1c2ccccc2-c2c(-c3c(-n4[cH:1][cH:1][cH:1][cH:1]4)c(-n4[cH:1][cH:1][cH:1][cH:1]4)cc(-n4[cH:1][cH:1][cH:1][cH:1]4)c3-n3[cH:1][cH:1][cH:1][cH:1]3)cccc21,0.9033134579658508
O=C(c1ccc(-c2nc(-c3ccc(F)cc3)nc(-c3ccc(F)cc3)n2)cc1)c1ccc(-c2c(-n3[cH:1][cH:1][cH:1][cH:1]3)c(-n3[cH:1][cH:1][cH:1][cH:1]3)cc(-n3[cH:1][cH:1][cH:1][cH:1]3)c2-n2[cH:1][cH:1][cH:1][cH:1]2)cc1,0.9723650813102722
O=c1cc[nH]c2ccc(-c3ccsc3-c3ccc(-c4nc([CH3:1])c(-c5ccccc5)n[cH:1]4)cc3)cc12,0.9541916847229004
c1ccc(-c2n[cH:1]c(-c3ccc(-c4cccs4)cc3-c3cncc4[nH]c5ccccc5c34)nc2[CH3:1])cc1,0.9184808731079102
c1cc(-c2n[cH:1]c(-c3ccc(-c4cccs4)cc3)nc2[CH3:1])cc(-c2ccnc3sc4ccccc4c23)c1,0.9068711400032043
c1ccc(-c2n[cH:1]c(-c3ccc(-c4ccc(-c5ccnc6sc7ncccc7c56)s4)cc3)nc2[CH3:1])cc1,0.8623520731925964
Cc1cccc2c1[nH]c1c(C)ccc(-c3cccc(-c4n[cH:1]c(-c5ccc(-c6cccs6)cc5)nc4[CH3:1])c3)c12,0.9405247569084167
CC1(C)c2ccccc2Nc2cccc(-c3ccc(-c4ccc(-c5nc([CH3:1])c(-c6ccccc6)n[cH:1]5)cc4)s3)c21,0.9422158598899841
c1ccc(-c2n[cH:1]c(-c3ccc(-c4cccs4)cc3C3Cc4cccc5c4N(CCC5)C3)nc2[CH3:1])cc1,0.8468196988105774
c1ccc(-c2n[cH:1]c(-c3ccc(-c4cccs4)c(-c4ccccc4-c4cc5c6c(c4)CCCN6CCC5)c3)nc2[CH3:1])cc1,0.8269946575164795
c1csc(-c2ccc(-c3nc([CH3:1])c(-c4ccc(-c5cccc6c7ccccc7c7nc[nH]c7c56)cc4)n[cH:1]3)cc2)c1,0.9132717251777649
c1ccc(-c2n[cH:1]c(-c3ccc(-c4sccc4-c4nccs4)cc3)nc2[CH3:1])cc1,0.8288941979408264
CC(=O)c1cccc(-c2ccsc2-c2ccc(-c3nc([CH3:1])c(-c4ccccc4)n[cH:1]3)cc2)c1,0.9687461256980896
N#Cc1ccccc1-c1ccc(-c2n[cH:1]c(-c3ccc(-c4cccs4)cc3)nc2[CH3:1])cc1,0.9228131771087646
O=C1C=C(c2ccccc2-c2n[cH:1]c(-c3ccc(-c4cccs4)cc3)nc2[CH3:1])C(=O)N1,0.8914295434951782
O=[SH](=O)c1ccccc1-c1ccccc1-c1n[cH:1]c(-c2ccc(-c3cccs3)cc2)nc1[CH3:1],0.9374783635139465
c1ccc(-c2n[cH:1]c(-c3ccc(-c4cc(-c5ccc6nccnc6c5)cs4)cc3)nc2[CH3:1])cc1,0.8825767040252686
c1ccc(-c2n[cH:1]c(-c3ccc(-c4cccs4)cc3-c3ccc4ncoc4c3)nc2[CH3:1])cc1,0.9238544702529907
c1ccc(-c2n[cH:1]c(-c3ccc(-c4ccc(-c5ccc6nn[nH]c6c5)s4)cc3)nc2[CH3:1])cc1,0.8865763545036316
c1ccc(-c2n[cH:1]c(-c3ccc(-c4ccc(-c5cccnc5-c5ccccn5)s4)cc3)nc2[CH3:1])cc1,0.9252034425735474
C1=CC2Nc3ncccc3C2C(c2ccsc2-c2ccc(-c3nc([CH3:1])c(-c4ccccc4)n[cH:1]3)cc2)=C1,0.9657860398292542
c1ccc(-c2n[cH:1]c(-c3ccc(-c4cc(-c5ccc6c(c5)sc5ccccc56)cs4)cc3)nc2[CH3:1])cc1,0.899342954158783
O=S1(=O)c2ccccc2-c2c(-c3cccc(-c4n[cH:1]c(-c5ccc(-c6cccs6)cc5)nc4[CH3:1])c3)cccc21,0.910935640335083
c1ccc(-c2n[cH:1]c(-c3ccc(-c4cc(-c5coc6cc7ccoc7cc56)cs4)cc3)nc2[CH3:1])cc1,0.8876069188117981
c1ccc(-c2n[cH:1]c(-c3ccc(-c4cccs4)cc3-c3cnc4c(ccc5cccnc54)c3)nc2[CH3:1])cc1,0.9092897176742554
c1ccc(-c2n[cH:1]c(-c3ccc(-c4cccs4)c(-c4ccc5c(c4)B4c6ccccc6Oc6cccc(c64)O5)c3)nc2[CH3:1])cc1,0.9583624601364136
Fc1ccc(-c2nc(-c3ccc(F)cc3)nc(-c3ccccc3-c3cccc(-c4n[cH:1]c(-c5ccc(-c6cccs6)cc5)nc4[CH3:1])c3)n2)cc1,0.9686384797096252
O=C(c1ccc(-c2nc(-c3ccc(F)cc3)nc(-c3ccc(F)cc3)n2)cc1)c1cccc(-c2ccc(-c3n[cH:1]c(-c4ccc(-c5cccs5)cc4)nc3[CH3:1])cc2)c1,0.9754275679588318
O=C1C(=Cc2cc3c(cc2-c2cccc4[nH]nnc24)[NH:1][CH:1]=[CH:1]S3)[CH2:1][CH:1]=[CH:1]1,0.8719260692596436
CN(C)c1cccc2c([SH]3c4cc(C=C5C(=O)[CH:1]=[CH:1][CH2:1]5)ccc4[NH:1][CH:1]=[CH:1]3)cccc12,0.9346563220024109
O=C1C(=Cc2cc3c(cc2-c2cccc4c2[nH]c2cnccc24)[NH:1][CH:1]=[CH:1]S3)[CH2:1][CH:1]=[CH:1]1,0.9287821650505066
Cc1cc2c(c(C)c1C)c1ccccc1n2Cc1c(C=C2C(=O)[CH:1]=[CH:1][CH2:1]2)ccc2c1S[CH:1]=[CH:1][NH:1]2,0.9656258225440979
O=C1C(=Cc2cc3c(c(-c4cccc5c4[nH]c4ccncc45)c2)[NH:1][CH:1]=[CH:1]S3)[CH2:1][CH:1]=[CH:1]1,0.9193539023399353
CN1c2ccccc2N(C)c2c(-c3cc(C=C4C(=O)[CH:1]=[CH:1][CH2:1]4)cc4c3[NH:1][CH:1]=[CH:1]S4)cccc21,0.9473881125450134
CC1c2ccccc2Nc2cccc(-c3cc4c(cc3C=C3C(=O)[CH:1]=[CH:1][CH2:1]3)S[CH:1]=[CH:1][NH:1]4)c21,0.9631536602973938
O=C1C(=C(c2ccc3c(c2)S[CH:1]=[CH:1][NH:1]3)c2ccc3ncc4ccccc4c3c2)[CH2:1][CH:1]=[CH:1]1,0.9459663033485413
O=C1C(=Cc2cc3c(c(-c4coc5cc6ccoc6cc45)c2)[NH:1][CH:1]=[CH:1]S3)[CH2:1][CH:1]=[CH:1]1,0.8821394443511963
CC1(C)c2cccc(-c3c(C=C4C(=O)[CH:1]=[CH:1][CH2:1]4)ccc4c3S[CH:1]=[CH:1][NH:1]4)c2Nc2c1ccc1c2c2ccccc2n1-c1ccccc1,0.9609829187393188
O=Cc1ccc(C(=O)c2cc3c(cc2C=C2C(=O)[CH:1]=[CH:1][CH2:1]2)S[CH:1]=[CH:1][NH:1]3)cc1,0.9274086952209473
O=C1C(=C(c2ccc3c(c2)S[CH:1]=[CH:1][NH:1]3)c2ccc3ncccc3n2)[CH2:1][CH:1]=[CH:1]1,0.9368700385093689
O=C1C(=Cc2cc3c(c(-c4cccc5sccc45)c2)[NH:1][CH:1]=[CH:1]S3)[CH2:1][CH:1]=[CH:1]1,0.8975571990013123
O=C1C(=Cc2cc3c(c(C4=CC5Nc6ncccc6C5C=C4)c2)[NH:1][CH:1]=[CH:1]S3)[CH2:1][CH:1]=[CH:1]1,0.9820641279220581
CC1c2ccccc2-c2ccc(C(=C3C(=O)[CH:1]=[CH:1][CH2:1]3)c3ccc4c(c3)S[CH:1]=[CH:1][NH:1]4)cc21,0.9621480703353882
O=C1C(=Cc2cc3c(c(-c4cc5nc6ccoc6nc5[nH]4)c2)[NH:1][CH:1]=[CH:1]S3)[CH2:1][CH:1]=[CH:1]1,0.8660832047462463
O=C1C(=Cc2ccc3c(c2)[SH](c2cccc4ncc5ccccc5c24)[CH:1]=[CH:1][NH:1]3)[CH2:1][CH:1]=[CH:1]1,0.9392114281654358
N#Cc1cc2nc3c(nc2cc1C#N)-c1ccc([SH]2c4cc(C=C5C(=O)[CH:1]=[CH:1][CH2:1]5)ccc4[NH:1][CH:1]=[CH:1]2)c2cccc-3c12,0.9440800547599792
O=c1[nH]cc(-c2ccc(C=C(c3ccccc3)c3ccccc3)cc2)[nH]1,0.900658905506134
C(=C(c1ccccc1)c1ccccc1)c1cccc(-c2cc[nH]n2)c1,0.7956488728523254
C(=C(c1ccccc1)c1ccccc1)c1ccc(-c2cccc3cc[nH]c23)cc1,0.8903040885925293
C(=C(c1ccccc1)c1ccccc1)c1cccc(-c2ccc3sccc3c2)c1,0.8827062249183655
C(=C(c1ccccc1)c1ccccc1-c1ccc2occc2c1)c1ccccc1,0.8849334716796875
CN(C)c1ccc2cccc(-c3cccc(C(=Cc4ccccc4)c4ccccc4)c3)c2c1,0.9075367450714111
O=c1cc[nH]c2cc(-c3ccc(C=C(c4ccccc4)c4ccccc4)cc3)ccc12,0.928287148475647
C(=C(c1ccccc1)c1ccccc1-c1cccc2c1oc1ncccc12)c1ccccc1,0.8826553225517273
C(=C(c1ccccc1)c1ccccc1-c1cnc2sc3ncccc3c2c1)c1ccccc1,0.8746610879898071
Cc1c(C)c(C(=C(c2ccccc2)c2ccccc2)c2ccccc2)c2c(c1C)c1ccccc1n2C,0.9626889824867249
CN1c2ccccc2Oc2c(-c3ccccc3C(=Cc3ccccc3)c3ccccc3)cccc21,0.9463924765586853
O=c1c2ccccc2[nH]c2ccc(-c3ccccc3C=C(c3ccccc3)c3ccccc3)cc12,0.9344125390052795
CC1c2ccccc2N(c2ccccc2C(=Cc2ccccc2)c2ccccc2)c2ccccc21,0.9216527938842773
C(=C(c1ccccc1)c1ccccc1-c1ccc2c(c1)Nc1ccccc1CC2)c1ccccc1,0.904353141784668
C(=C(c1ccccc1)c1cccc(-c2c3ncsc3cc3ncsc23)c1)c1ccccc1,0.8668571710586548
C(=C(c1ccccc1)c1ccccc1)c1ccccc1-c1cccc(-c2cc3c4c(c2)CCCN4CCC3)c1,0.7960290312767029
c1ccc(C(=C(c2ccccc2)c2ccc(N(c3ccccc3)c3ccccc3)cc2)c2ccccc2)cc1,0.9551045894622803
N#Cc1ccccc1C(=Cc1ccccc1)c1ccccc1,0.7491417527198792
C(=C(c1ccccc1)c1ccccc1)c1cccc(-c2cnoc2)c1,0.7847681641578674
c1ccc(C(=C(c2ccccc2)c2cncs2)c2ccccc2)cc1,0.8815364241600037
CC(=O)c1ccccc1-c1ccccc1C(=Cc1ccccc1)c1ccccc1,0.9523205757141113
O=C1C=C(c2cccc(C(=Cc3ccccc3)c3ccccc3)c2)C(=O)N1,0.8284974694252014
C(=C(c1ccccc1)c1cccc(-c2cncc3cc[nH]c23)c1)c1ccccc1,0.8811776638031006
C(=C(c1ccccc1)c1cccc(-c2cnc3cccnc3c2)c1)c1ccccc1,0.8616507053375244
O=c1cc(-c2ccccc2C=C(c2ccccc2)c2ccccc2)[nH]c2ccccc12,0.922620952129364
O=C1c2ccccc2C(=O)N1c1cccc(C(=Cc2ccccc2)c2ccccc2)c1,0.8247023820877075
c1ccc(C(=C(c2ccccc2)c2cccc3sccc23)c2ccccc2)cc1,0.9108731746673584
C(=C(c1ccccc1)c1ccccc1-c1cccc(-c2cnccn2)c1)c1ccccc1,0.9069279432296753
C(=C(c1ccccc1)c1ccc(-c2cccnc2-c2ccccn2)cc1)c1ccccc1,0.9118890762329102
C(=C(c1ccccc1)c1ccccc1-c1ccc2c(c1)sc1ccccc12)c1ccccc1,0.886623740196228
CC1c2ccccc2-c2cc(-c3cccc(C(=Cc4ccccc4)c4ccccc4)c3)ccc21,0.9251960515975952
C(=C(c1ccccc1)c1cccc(-c2cc3cc4occc4cc3o2)c1)c1ccccc1,0.8666565418243408
N#Cc1cc(C#N)cc(-c2ccccc2C(=Cc2ccccc2)c2ccccc2)c1,0.917108416557312
C(=C(c1ccccc1)c1ccccc1-c1cccc2c1Oc1cccc3c1B2c1ccccc1O3)c1ccccc1,0.945925772190094
c1cnnc(-c2c[cH:1]ccc2-c2nc(-c3ccc([OH:1])cc3)[cH:1]nc2[CH3:1])c1,0.823936939239502
c1cc(-c2c[cH:1]ccc2-c2nc(-c3ccc([OH:1])cc3)[cH:1]nc2[CH3:1])c2ncsc2c1,0.9261986613273621
CN(Cc1cc(-c2nc(-c3cc[cH:1]cc3)c([CH3:1])n[cH:1]2)ccc1[OH:1])c1ccc2ccccc2c1,0.9600065350532532
Cc1cccc2c1[nH]c1c(C)c(-c3cc(-c4nc(-c5cc[cH:1]cc5)c([CH3:1])n[cH:1]4)ccc3[OH:1])ccc12,0.9655612707138062
c1ccc2c(c1)Nc1ccccc1[SH]2c1cc(-c2nc(-c3cc[cH:1]cc3)c([CH3:1])n[cH:1]2)ccc1[OH:1],0.9665975570678711
CN1c2ccccc2N(C)c2cc(-c3cc([OH:1])ccc3-c3nc(-c4cc[cH:1]cc4)c([CH3:1])n[cH:1]3)ccc21,0.9555748105049133
CC1c2ccccc2Nc2c(-c3cc(-c4nc(-c5cc[cH:1]cc5)c([CH3:1])n[cH:1]4)ccc3[OH:1])cccc21,0.9652253985404968
c1cc2cc3ccoc3c(-c3c[cH:1]ccc3-c3nc(-c4ccc([OH:1])cc4)[cH:1]nc3[CH3:1])c2[nH]1,0.939958930015564
c1cc2cc3oc(-c4c[cH:1]ccc4-c4nc(-c5ccc([OH:1])cc5)[cH:1]nc4[CH3:1])cc3cc2o1,0.9080678224563599
c1ccc(N(c2ccccc2)c2ccc(-c3c[cH:1]ccc3-c3nc(-c4ccc([OH:1])cc4)[cH:1]nc3[CH3:1])cc2)cc1,0.976325273513794
c1ccc(C2(c3ccccc3)c3ccccc3Nc3cc(-c4cc([OH:1])ccc4-c4nc(-c5cc[cH:1]cc5)c([CH3:1])n[cH:1]4)ccc32)cc1,0.9821428656578064
CC1(C)c2ccccc2Nc2cc3c4ccccc4n(-c4ccccc4-c4cc(-c5nc(-c6ccc([OH:1])cc6)[cH:1]nc5[CH3:1])cc[cH:1]4)c3cc21,0.9697332978248596
N#Cc1c[cH:1]ccc1-c1nc(-c2ccc([OH:1])cc2)[cH:1]nc1[CH3:1],0.7196913957595825
c1cc(-c2cc([OH:1])ccc2-c2nc(-c3cc[cH:1]cc3)c([CH3:1])n[cH:1]2)no1,0.8309100866317749
c1noc(-c2cc([OH:1])ccc2-c2nc(-c3cc[cH:1]cc3)c([CH3:1])n[cH:1]2)n1,0.8454715609550476
CC(=O)c1ccc(-c2cc(-c3nc(-c4ccc([OH:1])cc4)[cH:1]nc3[CH3:1])cc[cH:1]2)cc1,0.9740488529205322
c1cnc2nc(-c3cc(-c4nc(-c5ccc([OH:1])cc5)[cH:1]nc4[CH3:1])cc[cH:1]3)cnc2n1,0.878665030002594
c1cc(-c2cnccn2)cc(-c2cc(-c3nc(-c4ccc([OH:1])cc4)[cH:1]nc3[CH3:1])cc[cH:1]2)c1,0.9473216533660889
C1=CC2Nc3nccc(-c4cc(-c5nc(-c6cc[cH:1]cc6)c([CH3:1])n[cH:1]5)ccc4[OH:1])c3C2C=C1,0.9687302112579346
c1ccc2c(c1)sc1cccc(-c3c[cH:1]ccc3-c3nc(-c4ccc([OH:1])cc4)[cH:1]nc3[CH3:1])c12,0.9421200752258301
c1cc2cc3occ(-c4cc(-c5nc(-c6ccc([OH:1])cc6)[cH:1]nc5[CH3:1])cc[cH:1]4)c3cc2o1,0.9185048341751099
c1nc2cc3nc(-c4c[cH:1]ccc4-c4nc(-c5ccc([OH:1])cc5)[cH:1]nc4[CH3:1])[nH]c3cc2[nH]1,0.9213294386863708
c1ccc2c(c1)Oc1cccc3c1B2c1cccc(-c2cc(-c4nc(-c5cc[cH:1]cc5)c([CH3:1])n[cH:1]4)ccc2[OH:1])c1O3,0.9707438349723816
Cc1ccc(N(c2ccccc2)c2ccccc2Nc2ccccc2)cc1,0.8937626481056213
Cc1ccc(N(c2ccccc2)c2ccccc2-c2ccc(F)c(F)c2F)cc1,0.8956699967384338
Cc1ccc(N(c2ccccc2)c2ccccc2-c2ccc3sccc3c2)cc1,0.8862425088882446
Cc1ccc(N(c2ccccc2)c2ccc(-c3cccc4ocnc34)cc2)cc1,0.8857336640357971
Cc1ccc(N(c2ccccc2)c2ccccc2-c2ccc3scnc3c2)cc1,0.907507598400116
Cc1ccc(N(c2ccccc2)c2ccccc2)cc1-c1cccc2cc(N(C)C)ccc12,0.9119403958320618
Cc1ccc(N(c2ccccc2)c2ccccc2-c2cccc3c2[nH]c2cnccc23)cc1,0.9059761762619019
Cc1ccc(N(c2ccccc2)c2ccccc2)c(-c2ccc3oc4ccccc4c3c2)c1,0.8797911405563354
Cc1ccc(N(c2ccccc2)c2ccccc2-c2cccc3oc4ncccc4c23)cc1,0.8933966159820557
Cc1ccc(N(c2ccccc2)c2ccccc2)c(-c2cnc3sc4ncccc4c3c2)c1,0.8703332543373108
Cc1ccc(N(c2ccccc2)c2cccc(-c3cccc4c3C(C)(C)c3ccccc3-4)c2)cc1,0.9232993721961975
Cc1ccc(N(c2ccccc2)c2ccccc2-c2ccc3[nH]c4ccncc4c3c2)cc1,0.9037255048751831
Cc1ccc(N(c2ccccc2)c2ccccc2-c2ccc3c(c2)Sc2ccccc2N3)cc1,0.934075117111206
Cc1ccc(N(c2ccccc2)c2cccc(-c3ccc4c(c3)Oc3ccccc3O4)c2)cc1,0.9429233074188232
Cc1ccc(N(c2ccccc2)c2ccc(-c3cccc4c3N(C)c3ccccc3N4C)cc2)cc1,0.9186717867851257
Cc1ccc(N(c2ccccc2)c2cccc(-c3ccc4[nH]c5ccccc5c(=O)c4c3)c2)cc1,0.9367485642433167
Cc1ccc(N(c2ccccc2)c2cccc(-c3ccc4c(c3)ncc3ccccc34)c2)cc1,0.9048044085502625
c1ccc(N(c2ccccc2)c2ccc(Cc3c4[nH]ccc4cc4ccoc34)cc2)cc1,0.823769211769104
Cc1ccc(N(c2ccccc2)c2ccccc2)c(-c2ccc3c(c2)C2c4ccccc4NC2N3)c1,0.9523154497146606
Cc1ccc(N(c2ccccc2)c2ccccc2)c(C2Cc3cccc4c3N(CCC4)C2)c1,0.7792231440544128
Cc1ccc(N(c2ccccc2)c2cccc(-c3ccc4c(c3)c3ccccc3c3[nH]cnc43)c2)cc1,0.9053385257720947
Cc1ccc(N(c2ccccc2)c2ccc(-c3cccc4c3c3cc5c(cc3n4-c3ccccc3)C(C)(C)c3ccccc3N5)cc2)cc1,0.9243857860565186
CC(=O)c1ccccc1-c1cccc(N(c2ccccc2)c2ccc(C)cc2)c1,0.9523146152496338
Cc1ccc(N(c2ccccc2)c2ccccc2)cc1-c1ccccc1C#N,0.8779767751693726
Cc1ccc(N(c2ccccc2)c2ccccc2)cc1-c1ccccc1C(=O)C(F)(F)F,0.9465959072113037
Cc1ccc(N(c2ccccc2)c2ccccc2)cc1C1=CC(=O)NC1=O,0.8165575265884399
Cc1ccc(N(c2ccccc2)c2ccc(-c3cccc4nccnc34)cc2)cc1,0.8314947485923767
c1ccc(N(c2ccccc2)c2ccc(Cc3cnc4nccnc4n3)cc2)cc1,0.7661939859390259
Cc1ccc(N(c2ccccc2)c2ccccc2)c(C2=CC(=O)c3ccccc3C2=O)c1,0.953789472579956
Cc1ccc(N(c2ccccc2)c2ccccc2-c2cccc3c2C(=O)NC3=O)cc1,0.8587015867233276
Cc1ccc(N(c2ccccc2)c2ccccc2-c2cccc3sccc23)cc1,0.8792507648468018
N#Cc1cccc(Cc2ccc(N(c3ccccc3)c3ccccc3)cc2)c1C#N,0.868608295917511
Cc1ccc(N(c2ccccc2)c2ccccc2)cc1C1=CC=CC2Nc3ncccc3C12,0.9631748795509338
Cc1ccc(N(c2ccccc2)c2ccc(-c3ccc4c(c3)C(C)c3ccccc3-4)cc2)cc1,0.920510470867157
Cc1ccc(N(c2ccccc2)c2ccccc2-c2c3ccoc3cc3ccoc23)cc1,0.8567585945129395
Cc1ccc(N(c2ccccc2)c2ccccc2-c2cc3cccnc3c3ncccc23)cc1,0.8859456181526184
Cc1ccc(N(c2ccccc2)c2cccc(-c3cccc4c3cnc3ccccc34)c2)cc1,0.902298629283905
Cc1ccc(N(c2ccccc2)c2cccc(-c3ccc(C#N)cc3C#N)c2)cc1,0.8982318639755249
Cc1ccc(N(c2ccccc2)c2ccc(-c3ccc(C#N)c(C#N)c3C#N)cc2)cc1,0.8934766054153442
Cc1ccc(N(c2ccccc2)c2ccccc2-c2c(C#N)cc(C#N)cc2C#N)cc1,0.8987140655517578
Cc1ccc(N(c2ccccc2)c2cccc(-c3cccc4c3B3c5ccccc5Oc5cccc(c53)O4)c2)cc1,0.9468919038772583
Cc1ccc(N(c2ccccc2)c2cccc(-c3cccc(-c4nc(-c5ccc(F)cc5)nc(-c5ccc(F)cc5)n4)c3)c2)cc1,0.968349814414978
Cc1ccc(N(c2ccccc2)c2cccc(-c3ccc(C(=O)c4ccc(-c5nc(-c6ccc(F)cc6)nc(-c6ccc(F)cc6)n5)cc4)cc3)c2)cc1,0.9731542468070984
N#C/[CH:1]=C\c1cc2c(cc1-c1c[nH]c(=O)[nH]1)N(C[CH3:1])[CH:1]=[CH:1]S2,0.8937855362892151
N#C/[CH:1]=C\c1cc2c(cc1-c1cccc(N)c1)N(C[CH3:1])[CH:1]=[CH:1]S2,0.9060863256454468
N#C/[CH:1]=C(\c1ccc2c(c1)S[CH:1]=[CH:1]N2C[CH3:1])c1cccc2ncoc12,0.9272803068161011
N#C/[CH:1]=C\c1cc2c(cc1-c1cccc3oc4ccccc4c13)N(C[CH3:1])[CH:1]=[CH:1]S2,0.8927469253540039
CC1(C)c2ccccc2-c2ccc(C(N3c4ccc(/C=[CH:1]\C#N)cc4S[CH:1]=[CH:1]3)[CH3:1])cc21,0.9530467391014099
Cc1cc2c(c(C)c1C)c1ccc([SH]3c4cc(/C=[CH:1]\C#N)ccc4N(C[CH3:1])[CH:1]=[CH:1]3)cc1n2C,0.952360987663269
CN1c2ccccc2N(C)c2cc(-c3cc(/C=[CH:1]\C#N)cc4c3N(C[CH3:1])[CH:1]=[CH:1]S4)ccc21,0.9318054914474487
N#C/[CH:1]=C\c1cc2c(cc1-c1ccc3c(c1)Nc1ccccc1CC3)N(C[CH3:1])[CH:1]=[CH:1]S2,0.9430496692657471
N#C/[CH:1]=C(\c1ccc2c(c1)S[CH:1]=[CH:1]N2C[CH3:1])c1coc2cc3ccoc3cc12,0.9083927273750305
N#C/[CH:1]=C\c1ccc2c(c1)[SH](C1Cc3cccc4c3N(CCC4)C1)[CH:1]=[CH:1]N2C[CH3:1],0.8480513691902161
N#C/[CH:1]=C\c1ccc2c(c1)[SH](c1ccc(N(c3ccccc3)c3ccccc3)cc1)[CH:1]=[CH:1]N2C[CH3:1],0.9555888175964355
N#C/[CH:1]=C\c1cc2c(c(-c3ccc4c(c3)c3ccccc3c3[nH]cnc43)c1)N(C[CH3:1])[CH:1]=[CH:1]S2,0.9333896636962891
CC1(C)c2ccccc2Nc2c1cc(-c1c(/C=[CH:1]\C#N)ccc3c1S[CH:1]=[CH:1]N3C[CH3:1])c1c2c2ccccc2n1-c1ccccc1,0.9529320001602173
N#C/[CH:1]=C\c1ccc2c(c1)[SH](C1=CC(=O)NC1=O)[CH:1]=[CH:1]N2C[CH3:1],0.8796900510787964
N#C/[CH:1]=C\c1ccc2c(c1)S[CH:1]=[CH:1]N2C(c1cccc2c1C(=O)C=CC2=O)[CH3:1],0.9500077366828918
N#C/[CH:1]=C\c1ccc2c(c1)[SH](c1cccc(-c3ccccn3)n1)[CH:1]=[CH:1]N2C[CH3:1],0.9449910521507263
N#C/[CH:1]=C\c1cc2c(c(-c3cnc4c(c3)C3C=CC=CC3N4)c1)N(C[CH3:1])[CH:1]=[CH:1]S2,0.9722924828529358
N#C/[CH:1]=C\c1cc2c(cc1-c1cccc3[nH]c4cnccc4c13)N(C[CH3:1])[CH:1]=[CH:1]S2,0.9265406131744385
N#C/[CH:1]=C\c1ccc2c(c1)S[CH:1]=[CH:1]N2C(c1ccc2c(c1)ncc1ccccc12)[CH3:1],0.9474225640296936
Fc1ccc(/C(=C2/N=[CH:1]O[CH2:1]2)c2ccc(-c3ccccc3)cc2)c(F)c1F,0.9139715433120728
C(=C1\N=[CH:1]O[CH2:1]1)\c1ccc(-c2ccccc2)cc1-c1cccc2c1[nH]c1cnccc12,0.9462255239486694
C(=C1\N=[CH:1]O[CH2:1]1)\c1ccc(-c2ccccc2-c2ccc3c(c2)oc2ccccc23)cc1,0.905646026134491
C(=C1\N=[CH:1]O[CH2:1]1)\c1ccc(-c2cccc(-c3ccnc4oc5ccccc5c34)c2)cc1,0.9142866134643555
c1ccc(-c2ccc(/C(=C3\N=[CH:1]O[CH2:1]3)c3ccc4c(n3)sc3ccccc34)cc2)cc1,0.9302695393562317
Cc1cc2c(c(C)c1C)c1ccc(-c3cccc(-c4ccc(/C=C5\N=[CH:1]O[CH2:1]5)cc4)c3)cc1n2C,0.9676588177680969
CC1(C)c2ccccc2Nc2ccc(-c3ccccc3-c3ccc(/C=C4\N=[CH:1]O[CH2:1]4)cc3)cc21,0.9638240337371826
O=c1c2ccccc2[nH]c2cc(-c3ccccc3-c3ccc(/C=C4\N=[CH:1]O[CH2:1]4)cc3)ccc12,0.950346827507019
CC1c2ccccc2N(/C(=C2/N=[CH:1]O[CH2:1]2)c2ccc(-c3ccccc3)cc2)c2ccccc21,0.9631504416465759
c1ccc(-c2ccc(/C(=C3\N=[CH:1]O[CH2:1]3)c3cccc4c3cnc3ccccc34)cc2)cc1,0.9421905279159546
C(=C1\N=[CH:1]O[CH2:1]1)\c1ccc(-c2ccccc2)c(-c2cccc3c2CCc2ccccc2N3)c1,0.9489778280258179
C(=C1\N=[CH:1]O[CH2:1]1)\c1ccc(-c2ccccc2)cc1-c1coc2nc3[nH]ccc3nc12,0.8737189769744873
C(=C1\N=[CH:1]O[CH2:1]1)\c1ccc(-c2ccccc2-c2ccc3c(c2)C2c4ccccc4NC2N3)cc1,0.9731864333152771
C(=C1\N=[CH:1]O[CH2:1]1)\c1ccc(-c2ccccc2)c(C2CCc3cccc4c3N2CCC4)c1,0.8903427124023438
C(=C1\N=[CH:1]O[CH2:1]1)\c1ccc(-c2ccc(C3CCN4CCCc5cc(-c6ccccc6)cc3c54)cc2)cc1,0.922917366027832
C(=C1\N=[CH:1]O[CH2:1]1)\c1ccc(-c2ccc(-c3nccs3)cc2)cc1,0.829306960105896
C(=C1\N=[CH:1]O[CH2:1]1)\c1ccc(-c2ccccc2)cc1-c1ncon1,0.7626439332962036
CC(=O)c1cccc(-c2cc(-c3ccccc3)ccc2/C=C2\N=[CH:1]O[CH2:1]2)c1,0.9626589417457581
O=C1C=CC(=O)N1c1cc(-c2ccccc2)ccc1/C=C1\N=[CH:1]O[CH2:1]1,0.8262603878974915
C(=C1\N=[CH:1]O[CH2:1]1)\c1ccc(-c2ccccc2-c2ccc3nccnc3c2)cc1,0.8896903395652771
C(=C1\N=[CH:1]O[CH2:1]1)\c1ccc(-c2ccccc2)c(-c2ccnc3cccnc23)c1,0.9075605273246765
C(=C1\N=[CH:1]O[CH2:1]1)\c1ccc(-c2ccccc2)c(-c2ccnc3ncccc23)c1,0.9068139791488647
C(=C1\N=[CH:1]O[CH2:1]1)\c1ccc(-c2cccc(-c3cnc4nccnc4n3)c2)cc1,0.797635555267334
C(=C1\N=[CH:1]O[CH2:1]1)\c1ccc(-c2ccccc2)c(-c2ccc3ccsc3c2)c1,0.9327163100242615
N#Cc1ccc(-c2cc(/C=C3\N=[CH:1]O[CH2:1]3)ccc2-c2ccccc2)cc1C#N,0.9436760544776917
C(=C1\N=[CH:1]O[CH2:1]1)\c1ccc(-c2cccc(-c3ccnc(-c4ccccn4)c3)c2)cc1,0.9388185739517212
C1=CC2Nc3nc(-c4cc(/C=C5\N=[CH:1]O[CH2:1]5)ccc4-c4ccccc4)ccc3C2C=C1,0.9760689735412598
O=S1(=O)c2ccccc2-c2cccc(-c3cc(-c4ccccc4)ccc3/C=C3\N=[CH:1]O[CH2:1]3)c21,0.9265217781066895
C(=C1\N=[CH:1]O[CH2:1]1)\c1ccc(-c2ccc(-c3cncc4[nH]c5ccccc5c34)cc2)cc1,0.9248167872428894
C(=C1\N=[CH:1]O[CH2:1]1)\c1ccc(-c2cccc(-c3coc4cc5ccoc5cc34)c2)cc1,0.895636260509491
C(=C1\N=[CH:1]O[CH2:1]1)\c1ccc(-c2cccc(-c3nc4cc5ncoc5nc4o3)c2)cc1,0.7686421871185303
C(=C1\N=[CH:1]O[CH2:1]1)\c1ccc(-c2ccccc2)c(-c2cnc3c(ccc4cccnc43)c2)c1,0.9291375875473022
C(=C1\N=[CH:1]O[CH2:1]1)\c1ccc(-c2ccccc2)c(-c2cc3c4c(c2)Oc2ccccc2B4c2ccccc2O3)c1,0.9659292697906494
c1ccc(-c2cc(-c3cc[cH:1]cc3)c([CH3:1])cc2[CH3:1])c(-c2ccnnc2)c1,0.7888563275337219
Fc1ccc(-c2ccc(-c3cc(-c4cc[cH:1]cc4)c([CH3:1])cc3[CH3:1])cc2)c(F)c1F,0.90340256690979
c1ccc(-c2cc(-c3cc[cH:1]cc3-c3cccc4cc[nH]c34)c([CH3:1])cc2[CH3:1])cc1,0.8994408249855042
c1ccc(-c2cc(-c3cc[cH:1]cc3)c([CH3:1])c(-c3ccc4ccoc4c3)c2[CH3:1])cc1,0.8597691059112549
c1ccc(-c2cc(-c3cc[cH:1]cc3)c([CH3:1])c(-c3cccc4ocnc34)c2[CH3:1])cc1,0.8669223189353943
CN(C)c1ccc2cc(-c3c[cH:1]ccc3-c3cc(-c4ccccc4)c([CH3:1])cc3[CH3:1])ccc2c1,0.9159519076347351
CC1(C)c2ccccc2-c2cc(-c3ccccc3-c3cc(-c4cc[cH:1]cc4)c([CH3:1])cc3[CH3:1])ccc21,0.9292252659797668
CN1c2ccccc2N(C)c2cc(-c3ccccc3-c3cc(-c4cc[cH:1]cc4)c([CH3:1])cc3[CH3:1])ccc21,0.9189514517784119
c1ccc(-c2cc(-c3cc[cH:1]c(-c4c5ncsc5cc5ncsc45)c3)c([CH3:1])cc2[CH3:1])cc1,0.8661835193634033
c1ccc(-c2coc3cc4ccoc4cc23)c(-c2cc(-c3cc[cH:1]cc3)c([CH3:1])cc2[CH3:1])c1,0.863079845905304
c1ccc(-c2cc(-c3cc[cH:1]cc3)c([CH3:1])cc2[CH3:1])c(-c2ccc3c(c2)c2ccccc2c2nccnc32)c1,0.8782219290733337
CC1(C)c2ccccc2N(c2ccc(-c3cc(-c4cc[cH:1]cc4)c([CH3:1])cc3[CH3:1])cc2)c2cc3c4ccccc4n(-c4ccccc4)c3cc21,0.9185661673545837
CC(=O)c1ccccc1-c1c[cH:1]ccc1-c1cc(-c2ccccc2)c([CH3:1])cc1[CH3:1],0.9586134552955627
c1cc(-c2cc(-c3cc[cH:1]cc3)c([CH3:1])cc2[CH3:1])cc(-c2c[nH]c3ccncc23)c1,0.8764763474464417
c1ccc(-c2cc(-c3cc[cH:1]cc3-c3ccnc4ncccc34)c([CH3:1])cc2[CH3:1])cc1,0.9184712171554565
O=C1C=CC(=O)c2c1cccc2-c1ccccc1-c1cc(-c2cc[cH:1]cc2)c([CH3:1])cc1[CH3:1],0.9392245411872864
c1ccc(-c2cc(-c3cc[cH:1]c(-c4cccc5sccc45)c3)c([CH3:1])cc2[CH3:1])cc1,0.8794221878051758
c1ccc(-c2cncc(-c3c(-c4ccccc4)c([CH3:1])cc([CH3:1])c3-c3cc[cH:1]cc3)n2)cc1,0.9293249249458313
c1ccc(-c2cccc(-c3ccccc3-c3cc(-c4cc[cH:1]cc4)c([CH3:1])cc3[CH3:1])n2)nc1,0.939539909362793
C1=CC2Nc3nc(-c4ccc(-c5cc(-c6cc[cH:1]cc6)c([CH3:1])cc5[CH3:1])cc4)ccc3C2C=C1,0.9553449749946594
c1ccc(-c2cc(-c3cc[cH:1]c(-c4c5ccoc5cc5ccoc45)c3)c([CH3:1])cc2[CH3:1])cc1,0.8628370761871338
c1ccc(-c2cc(-c3cc[cH:1]cc3-c3ccnc4c3ccc3cccnc34)c([CH3:1])cc2[CH3:1])cc1,0.8968520760536194
c1ccc(-c2c([CH3:1])cc([CH3:1])c(-c3cc[cH:1]cc3)c2-c2cccc3c2ncc2ccccc23)cc1,0.9040341377258301
N#C/C(=C\c1ccccc1)c1cc[cH:1]cc1-c1ccn[nH]1,0.7144362330436707
N#C/C(=C\c1ccc(-c2cccnn2)cc1)c1cc[cH:1]cc1,0.6052361130714417
N#C/C(=C\c1ccccc1-c1ccccc1N)c1cc[cH:1]cc1,0.834942102432251
N#C/C(=C\c1ccccc1)c1cc[cH:1]cc1-c1cc(F)c(F)c(F)c1,0.852475106716156
N#C/C(=C\c1ccccc1)c1cc[cH:1]cc1-c1cccc2cc[nH]c12,0.8592488765716553
N#C/C(=C\c1cccc(-c2coc3ccccc23)c1)c1cc[cH:1]cc1,0.8240614533424377
N#C/C(=C(\c1ccccc1)c1cncc2c1[nH]c1ccncc12)c1cc[cH:1]cc1,0.8578251600265503
N#C/C(=C\c1ccc(-c2cncc3[nH]c4ccccc4c23)cc1)c1cc[cH:1]cc1,0.8750371932983398
N#C/C(=C\c1ccccc1)c1cc[cH:1]cc1-c1ccnc2sc3ncccc3c12,0.8239501118659973
Cc1cc2c(c(C)c1Cc1cc(/C(C#N)=C/c3ccccc3)cc[cH:1]1)c1ccccc1n2C,0.9549130797386169
N#C/C(=C\c1ccccc1)c1cc[cH:1]c(-c2cccc3[nH]c4ccncc4c23)c1,0.8948209285736084
N#C/C(=C\c1ccccc1)c1cc[cH:1]cc1-c1ccc2c(c1)Nc1ccccc1S2,0.9286348819732666
N#C/C(=C\c1ccccc1)c1cc[cH:1]c(-c2cccc3[nH]c4ccccc4c(=O)c23)c1,0.9374755620956421
N#C/C(=C\c1ccccc1-c1c[nH]c2nc3occc3nc12)c1cc[cH:1]cc1,0.8609384298324585
N#C/C(=C\c1cccc(N2c3ccccc3C3c4ccccc4NC32)c1)c1cc[cH:1]cc1,0.9569172263145447
N#C/C(=C(\c1ccccc1)c1ccccc1N(c1ccccc1)c1ccccc1)c1cc[cH:1]cc1,0.9614459276199341
N#C/C(=C\c1ccccc1)c1cc[cH:1]cc1-c1cccc2c3nccnc3c3ccccc3c12,0.8545390367507935
N#C/C(=C\c1cccc(-c2ccc3c(c2)c2ccccc2c2nc[nH]c32)c1)c1cc[cH:1]cc1,0.9141452312469482
CC1(C)c2ccccc2Nc2c1ccc1c2c2cccc(-c3c[cH:1]ccc3/C(C#N)=C/c3ccccc3)c2n1-c1ccccc1,0.9412511587142944
N#C/C(=C\c1cccc(C#N)c1)c1cc[cH:1]cc1,0.5478160381317139
N#C/C(=C\c1ccc(-c2ccno2)cc1)c1cc[cH:1]cc1,0.7151975631713867
N#C/C(=C\c1cccc(CC(=O)c2ccccc2)c1)c1cc[cH:1]cc1,0.9312466382980347
N#C/C(=C\c1ccccc1)c1cc[cH:1]cc1-c1ccccc1C#N,0.8036494851112366
N#C/C(=C\c1cccc(-c2cccc(C(=O)C(F)(F)F)c2)c1)c1cc[cH:1]cc1,0.937440037727356
N#C/C(=C\c1ccccc1-c1ccccc1[SH](=O)=O)c1cc[cH:1]cc1,0.8857313990592957
N#C/C(=C\c1ccc(-c2cc(C=O)ccc2C=O)cc1)c1cc[cH:1]cc1,0.9207652807235718
N#C/C(=C\c1ccccc1)c1cc[cH:1]c(-c2ccc3ncccc3n2)c1,0.8387011885643005
N#C/C(=C\c1ccccc1-c1nc2ccccc2o1)c1cc[cH:1]cc1,0.8258645534515381
N#C/C(=C\c1ccc(-c2ccc3sccc3c2)cc1)c1cc[cH:1]cc1,0.8623694181442261
N#C/C(=C\c1ccccc1-c1cnc2c(c1)C1C=CC=CC1N2)c1cc[cH:1]cc1,0.9572712182998657
N#C/C(=C\c1cccc(-c2cccc3[nH]c4cnccc4c23)c1)c1cc[cH:1]cc1,0.9119063019752502
N#C/C(=C\c1ccccc1-c1c2nc[nH]c2cc2[nH]cnc12)c1cc[cH:1]cc1,0.8071650266647339
N#C/C(=C\c1ccccc1-c1ccc2c(cnc3ccccc32)c1)c1cc[cH:1]cc1,0.903008759021759
N#C/C(=C\c1cccc(-c2c(C#N)cc(C#N)cc2C#N)c1)c1cc[cH:1]cc1,0.8468261361122131
N#C/C(=C\c1ccccc1)c1cc[cH:1]cc1-c1cccc(-c2nc(-c3ccccc3)nc(-c3ccccc3)n2)c1,0.9704285860061646
O=c1[nH]cc(-c2cc(-c3nc([CH3:1])c(-c4ccc([CH3:1])cc4)nc3[CH3:1])ccc2[CH3:1])[nH]1,0.9076855182647705
c1cc(-c2cc([CH3:1])ccc2-c2nc([CH3:1])c(-c3ccc([CH3:1])cc3)nc2[CH3:1])[nH]n1,0.8091748356819153
c1ccc2sc(-c3cc(-c4nc([CH3:1])c(-c5ccc([CH3:1])cc5)nc4[CH3:1])ccc3[CH3:1])nc2c1,0.8911222815513611
c1cnc2sc3nc(-c4cc([CH3:1])ccc4-c4nc([CH3:1])c(-c5ccc([CH3:1])cc5)nc4[CH3:1])ccc3c2c1,0.8710662126541138
CC1(C)c2ccccc2-c2c(-c3cc([CH3:1])ccc3-c3nc([CH3:1])c(-c4ccc([CH3:1])cc4)nc3[CH3:1])cccc21,0.945192277431488
O=c1c2ccccc2[nH]c2cc(-c3cc(-c4nc([CH3:1])c(-c5ccc([CH3:1])cc5)nc4[CH3:1])ccc3[CH3:1])ccc12,0.9600860476493835
c1nc2c(-c3cc(-c4nc([CH3:1])c(-c5ccc([CH3:1])cc5)nc4[CH3:1])ccc3[CH3:1])c3scnc3cc2s1,0.8506534099578857
c1cc2cc3cc(-c4cc([CH3:1])ccc4-c4nc([CH3:1])c(-c5ccc([CH3:1])cc5)nc4[CH3:1])oc3cc2[nH]1,0.9169699549674988
c1ccc2c(c1)NC1Nc3ccc(-c4cc([CH3:1])ccc4-c4nc([CH3:1])c(-c5ccc([CH3:1])cc5)nc4[CH3:1])cc3C21,0.9612768292427063
c1ccc(C2(c3cccc(-c4cc([CH3:1])ccc4-c4nc([CH3:1])c(-c5ccc([CH3:1])cc5)nc4[CH3:1])c3)c3ccccc3Nc3ccccc32)cc1,0.9692389369010925
c1nc(-c2cc(-c3nc([CH3:1])c(-c4ccc([CH3:1])cc4)nc3[CH3:1])ccc2[CH3:1])no1,0.7149608135223389
O=C1C=CC(=O)N1c1cc([CH3:1])ccc1-c1nc([CH3:1])c(-c2ccc([CH3:1])cc2)nc1[CH3:1],0.783288300037384
O=Cc1ccc(C=O)c(-c2cc(-c3nc([CH3:1])c(-c4ccc([CH3:1])cc4)nc3[CH3:1])ccc2[CH3:1])c1,0.962622344493866
c1cc(-c2cc([CH3:1])ccc2-c2nc([CH3:1])c(-c3ccc([CH3:1])cc3)nc2[CH3:1])c2nccnc2c1,0.8679990172386169
c1cc(-c2cc([CH3:1])ccc2-c2nc([CH3:1])c(-c3ccc([CH3:1])cc3)nc2[CH3:1])c2ncoc2c1,0.8976004719734192
O=S1(=O)c2ccccc2-c2c(-c3cc(-c4nc([CH3:1])c(-c5ccc([CH3:1])cc5)nc4[CH3:1])ccc3[CH3:1])cccc21,0.9138012528419495
c1cc2cc3oc(-c4cc([CH3:1])ccc4-c4nc([CH3:1])c(-c5ccc([CH3:1])cc5)nc4[CH3:1])cc3cc2o1,0.8947085738182068
c1cnc2c(c1)ccc1c(-c3cc(-c4nc([CH3:1])c(-c5ccc([CH3:1])cc5)nc4[CH3:1])ccc3[CH3:1])ccnc12,0.916236400604248
